,imdb_id,title,poster_path
0,"""tt0468569""","""The Dark Knight""","""/qJ2tW6WMUDux911r6m7haRef0WH.jpg"""
1,"""tt0121766""","""Star Wars: Episode III - Revenge of the Sith""","""/xfSAoBEm9MNBjmlNcDYLvLSMlnq.jpg"""
2,"""tt0499549""","""Avatar""","""/jRXYjXNq0Cs2TcJjLkki24MLp7u.jpg"""
3,"""tt0407304""","""War of the Worlds""","""/6Biy7R9LfumYshur3YKhpj56MpB.jpg"""
4,"""tt0360717""","""King Kong""","""/4fNOp3itFBw7L28kAHxwRPqyZ2K.jpg"""
5,"""tt0372784""","""Batman Begins""","""/8RW2runSEc34IwKN2D1aPcJd2UL.jpg"""
6,"""tt0348150""","""Superman Returns""","""/385XwTQZDpRX2d3kxtnpiLrjBXw.jpg"""
7,"""tt0388795""","""Brokeback Mountain""","""/fsbzfe9eLOEl5rJX04nPEr1eoAi.jpg"""
8,"""tt0381061""","""Casino Royale""","""/lMrxYKKhd4lqRzwUHAy5gcx9PSO.jpg"""
9,"""tt1375666""","""Inception""","""/edv5CZvWj09upOsy2Y6IwDhK8bt.jpg"""
10,"""tt1060277""","""Cloverfield""","""/qIegUGJqyMMCRjkKV1s7A9MqdJ8.jpg"""
11,"""tt0111161""","""The Shawshank Redemption""","""/hBcY0fE9pfXzvVaY4GKarweriG2.jpg"""
12,"""tt0416449""","""300""","""/9W49fy5G7v9Ed3CXtvMi41YqZtt.jpg"""
13,"""tt0367882""","""Indiana Jones and the Kingdom of the Crystal Skull""","""/56As6XEM1flWvprX4LgkPl8ii4K.jpg"""
14,"""tt0382625""","""The Da Vinci Code""","""/j9lsWwnIDN2ZNtqZcE1x2o4ZKyI.jpg"""
15,"""tt0434409""","""V for Vendetta""","""/1avD1JeaRiJX5M4ahPdZPypGoGN.jpg"""
16,"""tt0407887""","""The Departed""","""/nT97ifVT2J1yMQmeq20Qblg61T.jpg"""
17,"""tt0376994""","""X-Men: The Last Stand""","""/7RSSkRpwvkNN5iKO8zACtBA0KhQ.jpg"""
18,"""tt0413300""","""Spider-Man 3""","""/qFmwhVUoUSXjkKRmca5yGDEXBIj.jpg"""
19,"""tt0330373""","""Harry Potter and the Goblet of Fire""","""/fECBtHlr0RB3foNHDiCBXeg9Bv9.jpg"""
20,"""tt0383574""","""Pirates of the Caribbean: Dead Man's Chest""","""/uXEqmloGyP7UXAiphJUu2v2pcuE.jpg"""
21,"""tt0418279""","""Transformers""","""/sR2xIEBQUoIVPGZOOfnMrpRcUCV.jpg"""
22,"""tt0384537""","""Silent Hill""","""/r0bEDWO2w4a43K2xTNSF284qOsc.jpg"""
23,"""tt0449010""","""Eragon""","""/k8f8WZjTzZ6TJYrKpyayCB4zKlw.jpg"""
24,"""tt0379786""","""Serenity""","""/ckDo5vnRKehJ2qu8U95c7QcvGUm.jpg"""
25,"""tt0401792""","""Sin City""","""/i66G50wATMmPrvpP95f0XP6ZdVS.jpg"""
26,"""tt0450278""","""Hostel""","""/dDrtuWUKhgUGp12kgUWuP0NpTdF.jpg"""
27,"""tt0375679""","""Crash""","""/3aOOJQEoU9iL9hYNTbEuFNDaDnn.jpg"""
28,"""tt0363771""","""The Chronicles of Narnia: The Lion, the Witch and the Wardrobe""","""/iREd0rNCjYdf5Ar0vfaW32yrkm.jpg"""
29,"""tt1055369""","""Transformers: Revenge of the Fallen""","""/pLBb0whOzVDtJvyD4DPeQyQNOqp.jpg"""
30,"""tt1099212""","""Twilight""","""/60IEwC4FaHSRpVEAM6iNpXZ5oSA.jpg"""
31,"""tt0796366""","""Star Trek""","""/lV5OpzAss1z06YNagOVap1I35mH.jpg"""
32,"""tt0480249""","""I Am Legend""","""/iPDkaSdKk2jRLTM65UOEoKtsIZ8.jpg"""
33,"""tt0367594""","""Charlie and the Chocolate Factory""","""/wfGfxtBkhBzQfOZw4S8IQZgrH0a.jpg"""
34,"""tt0477348""","""No Country for Old Men""","""/bj1v6YKF8yHqA489VFfnQvOJpnc.jpg"""
35,"""tt0293508""","""The Phantom of the Opera""","""/aTsp2VTaCBiGs8w05OTXfD97FRZ.jpg"""
36,"""tt0110912""","""Pulp Fiction""","""/d5iIlFn5s0ImszYzBPb8JPIfbXD.jpg"""
37,"""tt0068646""","""The Godfather""","""/3bhkrj58Vtu7enYsRolD1fZdja1.jpg"""
38,"""tt0361748""","""Inglourious Basterds""","""/7sfbEnaARXDDhKm0CZ7D7uc2sbo.jpg"""
39,"""tt0449088""","""Pirates of the Caribbean: At World's End""","""/jGWpG4YhpQwVmjyHEGkxEkeRf0S.jpg"""
40,"""tt0949731""","""The Happening""","""/v1Cw6WaCjNqInpAzUwbXB4LGgoX.jpg"""
41,"""tt0443453""","""Borat: Cultural Learnings of America for Make Benefit Glorious Nation of Kazakhstan""","""/kfkyALfD4G1mlBJI1lOt2QCra4i.jpg"""
42,"""tt1136608""","""District 9""","""/tuGlQkqLxnodDSk6mp5c2wvxUEd.jpg"""
43,"""tt0938283""","""The Last Airbender""","""/zgwRTYWEEPivTwjB9S03HtmMcbM.jpg"""
44,"""tt0830515""","""Quantum of Solace""","""/e3DXXLJHGqMx9yYpXsql1XNljmM.jpg"""
45,"""tt0206634""","""Children of Men""","""/k9IAS4TehZFcKi4HVByxZNPfqex.jpg"""
46,"""tt0409459""","""Watchmen""","""/aZvOkdo203bm1kpcY0A0Tn074ER.jpg"""
47,"""tt1179904""","""Paranormal Activity""","""/tmclkEpjeo4Zu564gf3KrwIOuKw.jpg"""
48,"""tt0062622""","""2001: A Space Odyssey""","""/ve72VxNqjGM69Uky4WTo2bK6rfq.jpg"""
49,"""tt0399146""","""A History of Violence""","""/y8Onw0tZuEb7zfboLr1MIxqCo6U.jpg"""
50,"""tt0373889""","""Harry Potter and the Order of the Phoenix""","""/5aOyriWkPec0zUDxmHFP9qMmBaj.jpg"""
51,"""tt0371724""","""The Hitchhiker's Guide to the Galaxy""","""/yr9A3KGQlxBh3yW0cmglsr8aMIz.jpg"""
52,"""tt0417148""","""Snakes on a Plane""","""/9wqWQ5rXQG6daMpowqwadGjI768.jpg"""
53,"""tt0435625""","""The Descent""","""/mxFPI4KYBk5ri9cPteIS8jiDFgj.jpg"""
54,"""tt0452637""","""Lady in the Water""","""/ddNmoSy1Jd3PBF5XDZvrrBIfrja.jpg"""
55,"""tt0414387""","""Pride & Prejudice""","""/sGjIvtVvTlWnia2zfJfHz81pZ9Q.jpg"""
56,"""tt0472043""","""Apocalypto""","""/cBFQsU1LDBEOl0Ik0cygeB6wCLE.jpg"""
57,"""tt0387564""","""Saw""","""/h2x0kRZWvwpw8GvghmQUn1m1jQo.jpg"""
58,"""tt0120667""","""Fantastic Four""","""/8HLQLILZLhDQWO6JDpvY6XJLH75.jpg"""
59,"""tt0457430""","""Pan's Labyrinth""","""/s8C4whhKtDaJvMDcyiMvx3BIF5F.jpg"""
60,"""tt0469494""","""There Will Be Blood""","""/fa0RDkAlCec0STeMNAhPaF89q6U.jpg"""
61,"""tt0360486""","""Constantine""","""/vPYgvd2MwHlxTamAOjwVQp4qs1W.jpg"""
62,"""tt0373883""","""Halloween""","""/cD8JrfSEI4j7WVnKM1GdiYzMoUh.jpg"""
63,"""tt0076759""","""Star Wars""","""/6FfCtAuVAW8XJjZ7eWeLibRLWTw.jpg"""
64,"""tt1190080""","""2012""","""/zaqam2RNscH5ooYFWInV6hjx6y5.jpg"""
65,"""tt0758730""","""Aliens vs Predator: Requiem""","""/d3xsKYqRO1Ys5UddRstbeb0Kf95.jpg"""
66,"""tt0479143""","""Rocky Balboa""","""/xUylDspiTKU3cYzZNeLsN8Krv12.jpg"""
67,"""tt0374900""","""Napoleon Dynamite""","""/g5PAKdu5aolXMnIRFkCo6vXq5Jh.jpg"""
68,"""tt0884328""","""The Mist""","""/1CvJ6diBACKPVGOpcWuY4XPQdqX.jpg"""
69,"""tt0417741""","""Harry Potter and the Half-Blood Prince""","""/z7uo9zmQdQwU5ZJHFpv2Upl30i1.jpg"""
70,"""tt0430357""","""Miami Vice""","""/iJPSls4taB09EUKtLj6FjFSprb3.jpg"""
71,"""tt1010048""","""Slumdog Millionaire""","""/5leCCi7ZF0CawAfM5Qo2ECKPprc.jpg"""
72,"""tt0371746""","""Iron Man""","""/78lPtwv72eTNqFW9COBYI0dWDJa.jpg"""
73,"""tt0947798""","""Black Swan""","""/8XYghKF0xkxp5A7QtK2F5vffdpZ.jpg"""
74,"""tt0482571""","""The Prestige""","""/bdN3gXuIZYaJP7ftKK2sU0nPtEA.jpg"""
75,"""tt0066921""","""A Clockwork Orange""","""/4sHeTAp65WrSSuc05nRBKddhBxO.jpg"""
76,"""tt0910970""","""WALL\u00b7E""","""/hbhFnRzzg6ZDmm8YAmxBnQpQIPh.jpg"""
77,"""tt0438488""","""Terminator Salvation""","""/gw6JhlekZgtKUFlDTezq3j5JEPK.jpg"""
78,"""tt0449467""","""Babel""","""/cDy5iZL2C01jiT5wDSE4jOvoT52.jpg"""
79,"""tt0320661""","""Kingdom of Heaven""","""/uk55nBEFIQFveIiy9jvLGiVtk4h.jpg"""
80,"""tt0114814""","""The Usual Suspects""","""/bUPmtQzrRhzqYySeiMpv7GurAfm.jpg"""
81,"""tt0432348""","""Saw II""","""/apXhunaMbuMyq3IvSJ3xNYrh6Yu.jpg"""
82,"""tt0454841""","""The Hills Have Eyes""","""/qj4C2c96T1n3YnYxFG5l5bSTKbM.jpg"""
83,"""tt0399201""","""The Island""","""/n4HyHxnKCJG8SbqeLEK1nU5JbIR.jpg"""
84,"""tt0449059""","""Little Miss Sunshine""","""/tFnTds88mCuLcLPBseK1kF2E3qv.jpg"""
85,"""tt0414993""","""The Fountain""","""/tnmkVAYrHITpdKgmZ7CzVBEI4ho.jpg"""
86,"""tt0370032""","""Ultraviolet""","""/zwpxpx8CGqdUvDdS2GkN61eP4v9.jpg"""
87,"""tt0317919""","""Mission: Impossible III""","""/vKGYCpmQyV9uHybWDzXuII8Los5.jpg"""
88,"""tt1564585""","""Skyline""","""/8QpvbnNrtzijlwiM0bFVeilc6lc.jpg"""
89,"""tt0467406""","""Juno""","""/jNIn2tVhpvFD6P9IojldI3mNYcn.jpg"""
90,"""tt0405159""","""Million Dollar Baby""","""/2ti3l1OeB8G94yyqfAI7nmMZUbA.jpg"""
91,"""tt0419706""","""Doom""","""/y50lH061yWOvEstoZRn7lYs0huk.jpg"""
92,"""tt0083658""","""Blade Runner""","""/63N9uy8nd9j7Eog2axPQ8lbr3Wj.jpg"""
93,"""tt0936501""","""Taken""","""/y5Va1WXDX6nZElVirPrGxf6w99B.jpg"""
94,"""tt0109830""","""Forrest Gump""","""/arw2vcBveWOVZr6pxd9XTd1TdQa.jpg"""
95,"""tt0358273""","""Walk the Line""","""/p8lPTjvjOjTfvC1E9pmMwcF9vkn.jpg"""
96,"""tt1130884""","""Shutter Island""","""/4GDy0PHYX3VRXUtwK5ysFbg3kEx.jpg"""
97,"""tt0081505""","""The Shining""","""/nRj5511mZdTl4saWEPoj9QroTIu.jpg"""
98,"""tt0475276""","""United 93""","""/aahr1uIPrEej8q4baE1RYXOXwFB.jpg"""
99,"""tt0120338""","""Titanic""","""/9xjZS2rlVxm8SFx8kPC3aIGCOYQ.jpg"""
100,"""tt0033467""","""Citizen Kane""","""/sav0jxhqiH0bPr2vZFU0Kjt2nZL.jpg"""
101,"""tt0077651""","""Halloween""","""/wijlZ3HaYMvlDTPqJoTCWKFkCPU.jpg"""
102,"""tt1259571""","""The Twilight Saga: New Moon""","""/j5jM5pq78ObAXX1WhTsb115EkLl.jpg"""
103,"""tt0108052""","""Schindler's List""","""/sF1U4EUQS8YHUYjNl3pMGNIQyr0.jpg"""
104,"""tt0356910""","""Mr. & Mrs. Smith""","""/wzIO3ytxeSNt1wRpXLIdkNbGoDm.jpg"""
105,"""tt0408306""","""Munich""","""/iUekaw96QLInZpsNwRTlRKrZgwm.jpg"""
106,"""tt0440963""","""The Bourne Ultimatum""","""/15rMz5MRXFp7CP4VxhjYw4y0FUn.jpg"""
107,"""tt0112573""","""Braveheart""","""/or1gBugydmjToAEq7OZY0owwFk.jpg"""
108,"""tt0429573""","""An American Haunting""","""/5ePaCimd7cA9zYNib8WfIbWnrCf.jpg"""
109,"""tt0294870""","""Rent""","""/fomBrfOHWxlaVcjPk4yCQgIwAnh.jpg"""
110,"""tt0332280""","""The Notebook""","""/rNzQyW4f8B8cQeg7Dgj3n6eT5k9.jpg"""
111,"""tt1205489""","""Gran Torino""","""/zUybYvxWdAJy5hhYovsXtHSWI1l.jpg"""
112,"""tt0421715""","""The Curious Case of Benjamin Button""","""/9H2awZmNisMVJGp362Stv0bfUTs.jpg"""
113,"""tt0475293""","""High School Musical""","""/1DGmWZjUJPeKGFRHGCA6VPFUBML.jpg"""
114,"""tt0887912""","""The Hurt Locker""","""/m2duGsKjBOl3BB8uFOTnRUzdEhg.jpg"""
115,"""tt0462538""","""The Simpsons Movie""","""/gzb6P78zeFTnv9eoFYnaJ2YrZ5q.jpg"""
116,"""tt0408236""","""Sweeney Todd: The Demon Barber of Fleet Street""","""/gAW4J1bkRjZKmFsJsIiOBASeoAp.jpg"""
117,"""tt0337978""","""Live Free or Die Hard""","""/31TT47YjBl7a7uvJ3ff1nrirXhP.jpg"""
118,"""tt0448011""","""Knowing""","""/nO9gTGDNdYnPr9ILKNQmk6EVTVR.jpg"""
119,"""tt0090605""","""Aliens""","""/r1x5JGpyqZU8PYhbs4UcrO1Xb6x.jpg"""
120,"""tt0448134""","""Sunshine""","""/x8umyFj5HPTFSdxBmuBuq9bpCgc.jpg"""
121,"""tt0246578""","""Donnie Darko""","""/fhQoQfejY1hUcwyuLgpBrYs6uFt.jpg"""
122,"""tt0346491""","""Alexander""","""/jrwQu72sGwGqwE8Ijne89PSIvhp.jpg"""
123,"""tt0416320""","""Match Point""","""/vHjEVTD8ucuwKSFOZJeyAnTZYli.jpg"""
124,"""tt0978764""","""Sucker Punch""","""/8oBc33JEnYm3rqPIwGtQXQbP96j.jpg"""
125,"""tt1217613""","""Battle: Los Angeles""","""/jloyGeVYZSxM9zsLFvVOWuj2ey4.jpg"""
126,"""tt0114369""","""Se7en""","""/69Sns8WoET6CfaYlIkHbla4l7nC.jpg"""
127,"""tt0450345""","""The Wicker Man""","""/9G6TBckQUKdx3dnn55abUCmonRX.jpg"""
128,"""tt1250777""","""Kick-Ass""","""/8citjdBmjddZjlPsAHEyCKwGVvD.jpg"""
129,"""tt1014759""","""Alice in Wonderland""","""/o0kre9wRCZz3jjSjaru7QU0UtFz.jpg"""
130,"""tt0462499""","""Rambo""","""/r8LPeldxskHrGJTPfhICguCip2H.jpg"""
131,"""tt0034583""","""Casablanca""","""/5K7cOHoay2mZusSLezBOY0Qxh8a.jpg"""
132,"""tt0493464""","""Wanted""","""/cbDMsV4VJAL2xJ2JXdWWjmUXZkT.jpg"""
133,"""tt0368447""","""The Village""","""/v7UvYtKfIVaHLaHwVgfalyrK7Ho.jpg"""
134,"""tt1399103""","""Transformers: Dark of the Moon""","""/28YlCLrFhONteYSs9hKjD1Km0Cj.jpg"""
135,"""tt0078788""","""Apocalypse Now""","""/gQB8Y5RCMkv2zwzFHbUJX3kAhvA.jpg"""
136,"""tt0463854""","""28 Weeks Later""","""/ja8nzgtzhJq0vtX3BJcnbceIxCF.jpg"""
137,"""tt0137523""","""Fight Club""","""/pB8BM7pdSp6B6Ih7QZ4DrQ3PmJK.jpg"""
138,"""tt0799949""","""Epic Movie""","""/l0lGJiTzU2Ce6T31DIRWv7I0kaC.jpg"""
139,"""tt0970416""","""The Day the Earth Stood Still""","""/mrw9NShY6I2FgXwk8Ge437pn08N.jpg"""
140,"""tt0385752""","""The Golden Compass""","""/lyaS7S4emzEaYUcSnCvyqfJpOcA.jpg"""
141,"""tt0078748""","""Alien""","""/vfrQk5IPloGg1v9Rzbh2Eg3VGyM.jpg"""
142,"""tt0389860""","""Click""","""/oL0k5JA53PyoHSZqKb3cNkhwBCE.jpg"""
143,"""tt0395584""","""The Devil's Rejects""","""/yAmK6Ev2IeI8VqNbagpF3yxPOSD.jpg"""
144,"""tt0416315""","""Wolf Creek""","""/8NiRpqO3vx7ny6jagrEN61hu7qG.jpg"""
145,"""tt0375063""","""Sideways""","""/k9dcvaOnudO92EPW5cuxALQMHt.jpg"""
146,"""tt0418819""","""Land of the Dead""","""/34rdmEgsFRDOm8LNDsNkkj0qVlL.jpg"""
147,"""tt0259324""","""Ghost Rider""","""/8LaVQiXBsnlo7MXCPK1nXTVARUZ.jpg"""
148,"""tt0103064""","""Terminator 2: Judgment Day""","""/5M0j0B18abtBI5gi2RhfjjurTqb.jpg"""
149,"""tt0421239""","""Red Eye""","""/vhSGJFfY2I4VFqQOasj7zrM0h6U.jpg"""
150,"""tt0402399""","""The New World""","""/dPyWMlQd54r3pK17GKG3iqjvNZ7.jpg"""
151,"""tt0077416""","""The Deer Hunter""","""/bbGtogDZOg09bm42KIpCXUXICkh.jpg"""
152,"""tt0070047""","""The Exorcist""","""/4ucLGcXVVSVnsfkGtbLY4XAius8.jpg"""
153,"""tt0418763""","""Jarhead""","""/55WJCdayHwoXJwRv3prpqscHt2q.jpg"""
154,"""tt0073195""","""Jaws""","""/lxM6kqilAdpdhqUl2biYp5frUxE.jpg"""
155,"""tt0482606""","""The Strangers""","""/9zsA2xafNMA8BQmpQLdppLIGYAE.jpg"""
156,"""tt0387877""","""The Black Dahlia""","""/su7yuXqGUHICfoijtcSaxWLE34Y.jpg"""
157,"""tt0377818""","""The Dukes of Hazzard""","""/o5pKtw26jEk7zX2446gPVbTNrFb.jpg"""
158,"""tt1320253""","""The Expendables""","""/tDynwDj3pvexrEQ8wb0uy8EdcGQ.jpg"""
159,"""tt0396269""","""Wedding Crashers""","""/lFM3lk2zVzC1YFnKm0r6LbFPyRu.jpg"""
160,"""tt0376541""","""Closer""","""/fGGaokx4k00S0J603VG53Qlr9jz.jpg"""
161,"""tt0099685""","""GoodFellas""","""/aKuFiU82s5ISJpGZp7YkIr3kCUd.jpg"""
162,"""tt0338013""","""Eternal Sunshine of the Spotless Mind""","""/5MwkWH9tYHv3mV9OdYTMR5qreIz.jpg"""
163,"""tt0466342""","""Date Movie""","""/xjLK0EmD0MAM7B049SRCUQaqkdL.jpg"""
164,"""tt0454848""","""Inside Man""","""/5ljZJLpQj8s3iSk3LylnFDyDoIK.jpg"""
165,"""tt1127180""","""Drag Me to Hell""","""/fdyejM5Zd6dsa0YyWa02ZAKwQzK.jpg"""
166,"""tt0435761""","""Toy Story 3""","""/AbbXspMOwdvwWZgVN0nabZq03Ec.jpg"""
167,"""tt0443543""","""The Illusionist""","""/4I1oOPHNrHLcvz3wTMuETJLws9z.jpg"""
168,"""tt1228705""","""Iron Man 2""","""/6WBeq4fCfn7AN0o21W9qNcRF2l9.jpg"""
169,"""tt1104001""","""TRON: Legacy""","""/vuifSABRpSnxCAOxEnWpNbZSXpp.jpg"""
170,"""tt0489270""","""Saw III""","""/wvdsqBqFrAcUvp9VNdhQkmgBhL5.jpg"""
171,"""tt0450259""","""Blood Diamond""","""/tnLxPpajkbVdbQl5B9CuD7sSpz9.jpg"""
172,"""tt0425112""","""Hot Fuzz""","""/zPib4ukTSdXvHP9pxGkFCe34f3y.jpg"""
173,"""tt0057012""","""Dr. Strangelove or: How I Learned to Stop Worrying and Love the Bomb""","""/7SixLzxcqezkZEYU8pcHZgbkmjp.jpg"""
174,"""tt0409182""","""Poseidon""","""/cCx2Ead8KoZhHofsAAr7tyrjfDo.jpg"""
175,"""tt0365737""","""Syriana""","""/mO3hWUTOxmLJxihvDU0YFkb0Mb5.jpg"""
176,"""tt0054215""","""Psycho""","""/yz4QVqPx3h1hD1DfqqQkCq3rmxW.jpg"""
177,"""tt0113277""","""Heat""","""/umSVjVdbVwtx5ryCA2QXL44Durm.jpg"""
178,"""tt0364569""","""Oldboy""","""/5sTFaTUudsI96PfwYuVhPKxKu28.jpg"""
179,"""tt0180093""","""Requiem for a Dream""","""/nOd6vjEmzCT0k4VYqsA2hwyi87C.jpg"""
180,"""tt0084787""","""The Thing""","""/tzGY49kseSE9QAKk47uuDGwnSCu.jpg"""
181,"""tt0422720""","""Marie Antoinette""","""/cybXGmv8Rjd5Os8Xml6YxMBQ0Zt.jpg"""
182,"""tt0408790""","""Flightplan""","""/oNjZFzbe7PfF3TxztNHDkinOPyB.jpg"""
183,"""tt0105236""","""Reservoir Dogs""","""/xi8Iu6qyTfyZVDVy60raIOYJJmk.jpg"""
184,"""tt1650062""","""Super 8""","""/sytFL6ALMAesKZoarlp7bIDKnns.jpg"""
185,"""tt0458352""","""The Devil Wears Prada""","""/8912AsVuS7Sj915apArUFbv6F9L.jpg"""
186,"""tt0758758""","""Into the Wild""","""/2MSGZEE6XZd2r4ODNziwAw7Hpw0.jpg"""
187,"""tt0167260""","""The Lord of the Rings: The Return of the King""","""/rCzpDGLbOoPwLjy3OAm5NUPOTrC.jpg"""
188,"""tt0102926""","""The Silence of the Lambs""","""/uS9m8OBk1A8eM9I042bx8XXpqAq.jpg"""
189,"""tt0116629""","""Independence Day""","""/p0BPQGSPoSa8Ml0DAf2mB2kCU0R.jpg"""
190,"""tt0332452""","""Troy""","""/a07wLy4ONfpsjnBqMwhlWTJTcm.jpg"""
191,"""tt0926084""","""Harry Potter and the Deathly Hallows: Part 1""","""/iGoXIpQb7Pot00EEdwpwPajheZ5.jpg"""
192,"""tt0424136""","""Hard Candy""","""/uHTmlcivbPeclEdmtuQg3zOQWPS.jpg"""
193,"""tt0800320""","""Clash of the Titans""","""/6iHYLipwEyZUPNO8MM3l1yHDaFE.jpg"""
194,"""tt1179056""","""A Nightmare on Elm Street""","""/t8YEQvPlvRAt9UamhwRC0zsLkCk.jpg"""
195,"""tt0382932""","""Ratatouille""","""/t3vaWRPSf6WjDSamIkKDs1iQWna.jpg"""
196,"""tt1403865""","""True Grit""","""/tCrB8pcjadZjsDk7rleGJaIv78k.jpg"""
197,"""tt0110413""","""L\u00e9on: The Professional""","""/yI6X2cCM5YPJtxMhUd3dPGqDAhw.jpg"""
198,"""tt0086250""","""Scarface""","""/iQ5ztdjvteGeboxtmRdXEChJOHh.jpg"""
199,"""tt0469641""","""World Trade Center""","""/bfTiVc8kxq8uRXeblV3Ct35APGu.jpg"""
200,"""tt0795421""","""Mamma Mia!""","""/mQy3BuOdf3OSORWOKTodqfRayJM.jpg"""
201,"""tt0317219""","""Cars""","""/u4G8EkiIBZYx0wEg2xDlXZigTOZ.jpg"""
202,"""tt0988045""","""Sherlock Holmes""","""/momkKuWburNTqKBF6ez7rvhYVhE.jpg"""
203,"""tt0117571""","""Scream""","""/3O3klyyYpAZBBE4n7IngzTomRDp.jpg"""
204,"""tt0333766""","""Garden State""","""/h3iqYiGS6F3y7GxaS4AT8nFxZ2i.jpg"""
205,"""tt0107290""","""Jurassic Park""","""/oU7Oq2kFAAlGqbU4VoAE36g4hoI.jpg"""
206,"""tt0080684""","""The Empire Strikes Back""","""/2l05cFWJacyIsTpsqSgH0wQXe4V.jpg"""
207,"""tt0090756""","""Blue Velvet""","""/7hlgzJXLgyECS1mk3LSN3E72l5N.jpg"""
208,"""tt1049413""","""Up""","""/vpbaStTMt8qqXaEgnOR2EE4DNJk.jpg"""
209,"""tt0448157""","""Hancock""","""/7DyuV2G0hLEqHeueDfOqhZ2DVut.jpg"""
210,"""tt0116282""","""Fargo""","""/rt7cpEr1uP6RTZykBFhBTcRaKvG.jpg"""
211,"""tt0458525""","""X-Men Origins: Wolverine""","""/yj8LbTju1p7CUJg7US2unSBk33s.jpg"""
212,"""tt0397065""","""House of Wax""","""/r0v8qg78Ol9NIsRGe3DME27ORpd.jpg"""
213,"""tt0387131""","""The Constant Gardener""","""/nkXq7V7mmJVbvwZGr3nxkHo7HkS.jpg"""
214,"""tt1119646""","""The Hangover""","""/uluhlXubGu1VxU63X9VHCLWDAYP.jpg"""
215,"""tt0800080""","""The Incredible Hulk""","""/gKzYx79y0AQTL4UAk1cBQJ3nvrm.jpg"""
216,"""tt0335266""","""Lost in Translation""","""/wkSzJs7oMf8MIr9CQVICsvRfwA7.jpg"""
217,"""tt0414982""","""Final Destination 3""","""/p7ARuNKUGPGvkBiDtIDvAzYzonX.jpg"""
218,"""tt0338751""","""The Aviator""","""/lx4kWcZc3o9PaNxlQpEJZM17XUI.jpg"""
219,"""tt0377109""","""The Ring Two""","""/8Mnthy6ymdKHVwVw5gJB7RtaO1F.jpg"""
220,"""tt1424381""","""Predators""","""/sx5EuckP7SBQrlMlxg0PLt282WS.jpg"""
221,"""tt0335345""","""The Passion of the Christ""","""/2C9vyK6leWDb2ds65R7uIwSmh8V.jpg"""
222,"""tt0366548""","""Happy Feet""","""/zP4CK9O70P8GDilfTkPm4lrmaks.jpg"""
223,"""tt0370263""","""AVP: Alien vs. Predator""","""/qUZctuoFL3VKOqeKxhnLwuEE4oF.jpg"""
224,"""tt0385700""","""Final Fantasy VII: Advent Children""","""/pTIXM2yu8McSlcQVs1VjVSNC45x.jpg"""
225,"""tt1285016""","""The Social Network""","""/n0ybibhJtQ5icDqTp8eRytcIHJx.jpg"""
226,"""tt0466909""","""The Omen""","""/kf1Qq9b32jn4umll9qD2ue5ftnh.jpg"""
227,"""tt0454921""","""The Pursuit of Happyness""","""/f6l9rghSHORkWLurUGJhaKAiyjY.jpg"""
228,"""tt0462322""","""Grindhouse""","""/jl3K6T8Mridd2dWmcdBpKyHyt6Y.jpg"""
229,"""tt0443649""","""10,000 BC""","""/lg3HcDLC5Kx3RNPQjeXvvS6nen3.jpg"""
230,"""tt0397535""","""Memoirs of a Geisha""","""/pBwYsQaSTgnPphIy02DJjCF2cqs.jpg"""
231,"""tt0478311""","""Knocked Up""","""/b4OaXw2MW97VvIiZE0Sbn1NfxSh.jpg"""
232,"""tt0814314""","""Seven Pounds""","""/pCVpsCEYtvtlg1I9h3rtglKgThu.jpg"""
233,"""tt0942385""","""Tropic Thunder""","""/zAurB9mNxfYRoVrVjAJJwGV3sPg.jpg"""
234,"""tt0410297""","""The Lake House""","""/tHpc1118dYWLnHZleGhwZxRbpae.jpg"""
235,"""tt1028528""","""Death Proof""","""/vtu6H4NWnQVqEp3aanUq3hNeeot.jpg"""
236,"""tt0783233""","""Atonement""","""/hMRIyBjPzxaSXWM06se3OcNjIQa.jpg"""
237,"""tt0075314""","""Taxi Driver""","""/ekstpH614fwDX8DUln1a2Opz0N8.jpg"""
238,"""tt0402022""","""\u00c6on Flux""","""/5958Nt4QX6aRSUdQnvNw8wqjTJQ.jpg"""
239,"""tt0381849""","""3:10 to Yuma""","""/voMB69AsLnPNmtfbrBl0lbeFKDH.jpg"""
240,"""tt1270798""","""X-Men: First Class""","""/vUvlOY575rztBuJV3a0dbHW5MQR.jpg"""
241,"""tt0829482""","""Superbad""","""/ek8e8txUyUwd2BNqj6lFEerJfbq.jpg"""
242,"""tt0443706""","""Zodiac""","""/hQhcbb8JvPFPkhaWUsG545d9LRD.jpg"""
243,"""tt1152836""","""Public Enemies""","""/ezFQaPf4cOEfsl39Me0gSV29d7V.jpg"""
244,"""tt0096895""","""Batman""","""/cij4dd21v2Rk2YtUQbV5kW69WB2.jpg"""
245,"""tt0369226""","""Alone in the Dark""","""/bSxrbVCyWW077zhtpuYlo3zgyug.jpg"""
246,"""tt0093779""","""The Princess Bride""","""/dvjqlp2sAhUeFjUOfQDgqwpphHj.jpg"""
247,"""tt0050083""","""12 Angry Men""","""/ppd84D2i9W8jXmsyInGyihiSyqz.jpg"""
248,"""tt0450385""","""1408""","""/yE9MCW7ZNxSw5SC1TMqm51pMBIV.jpg"""
249,"""tt0800369""","""Thor""","""/prSfAi1xGrhLQNxVSUFh61xQ4Qy.jpg"""
250,"""tt0955308""","""Robin Hood""","""/9NS5QGOfck24yL3bZqWeW06PgPC.jpg"""
251,"""tt0389722""","""30 Days of Night""","""/7LwSrvFA0gz1KAlcrGcinoQPene.jpg"""
252,"""tt0380510""","""The Lovely Bones""","""/sn0iDphRxQ7I6aLd9igIgACITak.jpg"""
253,"""tt1504320""","""The King's Speech""","""/uQ538BfYLDJh3GXlzRZLo0j7PFj.jpg"""
254,"""tt0405422""","""The 40 Year Old Virgin""","""/mVeoqL37gzhMXQVpONi9DGOQ3tZ.jpg"""
255,"""tt0433383""","""Good Night, and Good Luck.""","""/oFGXIoxB3NOAZXwKl8wYnZR1vAu.jpg"""
256,"""tt0887883""","""Burn After Reading""","""/eQfTetzb4DMoI4YnPEcNoUQD63U.jpg"""
257,"""tt0060196""","""The Good, the Bad and the Ugly""","""/bX2xnavhMYjWDoZp1VM6VnU1xwe.jpg"""
258,"""tt0352248""","""Cinderella Man""","""/wkeOjIcpuqLMW4GnVowlM9VI0JE.jpg"""
259,"""tt0478304""","""The Tree of Life""","""/l8cwuB5WJSoj4uMAsnzuHBOMaSJ.jpg"""
260,"""tt0443489""","""Dreamgirls""","""/sG5JyOj8Spe13QkNJMH8b5kzQUh.jpg"""
261,"""tt0103644""","""Alien\u00b3""","""/hlabk6APJUeihZDaSD9N6iI0f4g.jpg"""
262,"""tt0073486""","""One Flew Over the Cuckoo's Nest""","""/3jcbDmRFiQ83drXNOvRDeKHxS0C.jpg"""
263,"""tt0072271""","""The Texas Chain Saw Massacre""","""/9s8uSm5K1W0vhGPHv2icM6SFib8.jpg"""
264,"""tt0368709""","""Elizabethtown""","""/mOdlzAQxhMgiaazRzif1YtJzg9s.jpg"""
265,"""tt0384806""","""The Amityville Horror""","""/4D246dpe7yy2GvHI2IbpeqkUXry.jpg"""
266,"""tt0401855""","""Underworld: Evolution""","""/yT1EDKhCzAumcZeBoAxqm0nY2H8.jpg"""
267,"""tt0398808""","""Bridge to Terabithia""","""/3xFxGodKPMFLheS8rujFSmLfcq4.jpg"""
268,"""tt0758746""","""Friday the 13th""","""/88wlJ4teYlck4hJ2bnlxBrAVh0m.jpg"""
269,"""tt1098327""","""Dragonball Evolution""","""/23PcKOqNdhKeMFzORzQGn5eC44N.jpg"""
270,"""tt0420223""","""Stranger Than Fiction""","""/nCzcepubwShvZ4vbCsygQNgF2Z1.jpg"""
271,"""tt0497116""","""An Inconvenient Truth""","""/zrYT5UHE2UIsofwkv6KK2Tsu5a.jpg"""
272,"""tt0355295""","""The Brothers Grimm""","""/v6J7QGCSrtvwvqAt6783BbO3h61.jpg"""
273,"""tt0442933""","""Beowulf""","""/iRGPYzbmDgmk7mBLwtq52AtGhS4.jpg"""
274,"""tt0060666""","""Manos: The Hands of Fate""","""/9Tf5rH9ilQLrFBfR6wHs3p0xMnF.jpg"""
275,"""tt1037705""","""The Book of Eli""","""/1H1y9ZiqNFaLgQiRDDZLA55PviW.jpg"""
276,"""tt0412019""","""Broken Flowers""","""/aSHkPnC0o4XPHpJC5TY3AWO6un4.jpg"""
277,"""tt1201607""","""Harry Potter and the Deathly Hallows: Part 2""","""/c54HpQmuwXjHq2C9wmoACjxoom3.jpg"""
278,"""tt1325004""","""The Twilight Saga: Eclipse""","""/3mFM80dPzSqoXXuC2UMvLIRWX32.jpg"""
279,"""tt0445922""","""Across the Universe""","""/447c8Te3DXC46rQvDEixKGO4dS6.jpg"""
280,"""tt0395169""","""Hotel Rwanda""","""/p3pHw85UMZPegfMZBA6dZ06yarm.jpg"""
281,"""tt0780504""","""Drive""","""/602vevIURmpDfzbnv5Ubi6wIkQm.jpg"""
282,"""tt0120815""","""Saving Private Ryan""","""/1wY4psJ5NVEhCuOYROwLH2XExM2.jpg"""
283,"""tt0443701""","""The X Files: I Want to Believe""","""/s3x7CZO7gCICKQkA5rSgorkJzYy.jpg"""
284,"""tt0404032""","""The Exorcism of Emily Rose""","""/qMN0HIP34f736kkQcfvTfmL9TP3.jpg"""
285,"""tt0452594""","""The Break-Up""","""/84AuLNXc9sEMXUJ3xAvHhpM3J8u.jpg"""
286,"""tt1046173""","""G.I. Joe: The Rise of Cobra""","""/mc9b25IAprHfsaOz0wTshOwGHcY.jpg"""
287,"""tt0383222""","""BloodRayne""","""/1xmYrKxBdCgcHgF8m9YUnwthLxF.jpg"""
288,"""tt0425210""","""Lucky Number Slevin""","""/x21s3p5wPww534nYj1cWakTcqz4.jpg"""
289,"""tt1125849""","""The Wrestler""","""/6OTR8dSoNGjWohJNo3UhIGd3Tj.jpg"""
290,"""tt0363163""","""Downfall""","""/cP1ElGjBhbZAAqmueXjHDKlSwiP.jpg"""
291,"""tt0374102""","""Open Water""","""/xOjcaWBNG2PvylJOhlkaqaAAKUr.jpg"""
292,"""tt0082971""","""Raiders of the Lost Ark""","""/ceG9VzoRAVGwivFU403Wc3AHRys.jpg"""
293,"""tt0088763""","""Back to the Future""","""/fNOH9f1aA7XRTzl1sAOx9iF553Q.jpg"""
294,"""tt0374536""","""Bewitched""","""/bQqHksFAeUdozGGABxHJt3YVIyA.jpg"""
295,"""tt0095016""","""Die Hard""","""/yFihWxQcmqcaBR31QM6Y8gT6aYV.jpg"""
296,"""tt0343737""","""The Good Shepherd""","""/ruyJwuDdxFJB0Tvumm1DKPRlC2p.jpg"""
297,"""tt0859163""","""The Mummy: Tomb of the Dragon Emperor""","""/A3acM1lX5PNWQa6r5qeMAJOxbnT.jpg"""
298,"""tt0424345""","""Clerks II""","""/cLSW0nW94XT0DmBS69ublcLfQ9c.jpg"""
299,"""tt0475394""","""Smokin' Aces""","""/nrdnN8WqvyOt8Bnl3hgWcZD6ZyM.jpg"""
300,"""tt0486655""","""Stardust""","""/AsCrevARwF6eCrF2v8zpLdn0gth.jpg"""
301,"""tt1000774""","""Sex and the City""","""/AhNfnsGW95RKHQNLdgFH48UN0Zy.jpg"""
302,"""tt0486822""","""Disturbia""","""/bJNEBrDy6H4QMHj8GC9OHxPdwJm.jpg"""
303,"""tt0489099""","""Jumper""","""/3pPZ9JhNz3VMmASVir5SMHvTDUU.jpg"""
304,"""tt0266697""","""Kill Bill: Vol. 1""","""/v7TaX8kXMXs5yFFGR41guUDNcnB.jpg"""
305,"""tt0120915""","""Star Wars: Episode I - The Phantom Menace""","""/6wkfovpn7Eq8dYNKaG5PY3q2oq6.jpg"""
306,"""tt1156398""","""Zombieland""","""/dUkAmAyPVqubSBNRjRqCgHggZcK.jpg"""
307,"""tt0356680""","""The Family Stone""","""/3QPSWIx14H7sfaLqY5bh1qDNQhZ.jpg"""
308,"""tt0031381""","""Gone with the Wind""","""/lNz2Ow0wGCAvzckW7EOjE03KcYv.jpg"""
309,"""tt0457939""","""The Holiday""","""/6fbqG49Q7IWBWdyJ7asNTcNbnG6.jpg"""
310,"""tt0338095""","""High Tension""","""/o2k0Zi4VNNKnlkx9ZLHcXln9tlR.jpg"""
311,"""tt1591095""","""Insidious""","""/tmlDFIUpGRKiuWm9Ixc6CYDk4y0.jpg"""
312,"""tt0756683""","""The Man from Earth""","""/V086R82gNgWrotaXZFO4JhdgB1.jpg"""
313,"""tt0047478""","""Seven Samurai""","""/8OKmBV5BUFzmozIC3pPWKHy17kx.jpg"""
314,"""tt0038650""","""It's a Wonderful Life""","""/mV3VcmMJN6Zwahj42dy9WwPUyRI.jpg"""
315,"""tt0318649""","""Sahara""","""/kyY1onYxkKBDlJsheRsVbMaoQEM.jpg"""
316,"""tt0455857""","""When a Stranger Calls""","""/h0ZmU7BZDWBucq1FvblfeAWUkad.jpg"""
317,"""tt0071853""","""Monty Python and the Holy Grail""","""/xZ0rC0kuIsjk6RncpNK73kwstEP.jpg"""
318,"""tt0365686""","""Revolver""","""/cXJYFEIGNxiNTCekP1A68ICzJen.jpg"""
319,"""tt1311067""","""Halloween II""","""/vSHPM4LQDpWdQrD5KZWK6wNqSOD.jpg"""
320,"""tt0133093""","""The Matrix""","""/f89U3ADr1oiB1s9GkdPOEpXUk5H.jpg"""
321,"""tt0121164""","""Corpse Bride""","""/isb2Qow76GpqYmsSyfdMfsYAjts.jpg"""
322,"""tt0499448""","""The Chronicles of Narnia: Prince Caspian""","""/qxz3WIyjZiSKUhaTIEJ3c1GcC9z.jpg"""
323,"""tt0169547""","""American Beauty""","""/wby9315QzVKdW9BonAefg8jGTTb.jpg"""
324,"""tt0382077""","""Hide and Seek""","""/orY4PX3TNFdCbdVwhKY32UKMvoA.jpg"""
325,"""tt0477347""","""Night at the Museum""","""/uY9k8t2FQkMj60obnAnsPKLxHCE.jpg"""
326,"""tt0944835""","""Salt""","""/ppXyhOe8UCEOrBRSYqE3SkHwrcR.jpg"""
327,"""tt0103874""","""Bram Stoker's Dracula""","""/scFDS0U5uYAjcVTyjNc7GmcZw1q.jpg"""
328,"""tt0052357""","""Vertigo""","""/15uOEfqBNTVtDUT7hGBVCka0rZz.jpg"""
329,"""tt0109445""","""Clerks""","""/zeFhNF0SXlYIvWXpaOLuXVQ3jB4.jpg"""
330,"""tt0457510""","""Nacho Libre""","""/kh7B91bMl2lZ0mH9WhPfaNUIEQH.jpg"""
331,"""tt0083907""","""The Evil Dead""","""/54C1qdaiSijIU5NeNb4WsPJdNkG.jpg"""
332,"""tt0415306""","""Talladega Nights: The Ballad of Ricky Bobby""","""/3iCiTqsmJz1mO85AHzTiHNkRmb6.jpg"""
333,"""tt1139797""","""Let the Right One In""","""/4hezTKTuZMp0l2ufihKwPgLmfLg.jpg"""
334,"""tt0077402""","""Dawn of the Dead""","""/h6aVbUsiJB3Le1xrhyZXsXZOI3h.jpg"""
335,"""tt0396171""","""Perfume: The Story of a Murderer""","""/2wrFrUej8ri5EpjgIkjKTAnr686.jpg"""
336,"""tt0120737""","""The Lord of the Rings: The Fellowship of the Ring""","""/6oom5QYQ2yQTMJIbnvbkBL9cHo6.jpg"""
337,"""tt0325980""","""Pirates of the Caribbean: The Curse of the Black Pearl""","""/z8onk7LV9Mmw6zKz4hT6pzzvmvl.jpg"""
338,"""tt0047396""","""Rear Window""","""/qitnZcLP7C9DLRuPpmvZ7GiEjJN.jpg"""
339,"""tt0432291""","""The Fog""","""/v9vt49PUDJGkrMVjhb3yiYo7H4Y.jpg"""
340,"""tt0383216""","""The Pink Panther""","""/57ViRkdsddHLK32W8Nf3ZPLSAu4.jpg"""
341,"""tt0486576""","""Fantastic Four: Rise of the Silver Surfer""","""/9wRfzTcMyyzkQxVDqBHv8RwuZOv.jpg"""
342,"""tt0093058""","""Full Metal Jacket""","""/kMKyx1k8hWWscYFnPbnxxN4Eqo4.jpg"""
343,"""tt0238380""","""Equilibrium""","""/eW3YrxOh3rd6PnRgMSftYoflvfe.jpg"""
344,"""tt0765429""","""American Gangster""","""/sX9idXDqRUxE5ffww3n3RV5gL55.jpg"""
345,"""tt0362270""","""The Life Aquatic with Steve Zissou""","""/qZoFLNBC78jzboWeDH6Ha0qavF2.jpg"""
346,"""tt0473075""","""Prince of Persia: The Sands of Time""","""/lkp1GFmWyf7k2WKvKIQuuGyichI.jpg"""
347,"""tt0071562""","""The Godfather Part II""","""/hek3koDUyRQk7FIhPXsa6mT2Zc3.jpg"""
348,"""tt0404390""","""Running Scared""","""/wVlwZbwJlI5C33STslTyVNRGjg6.jpg"""
349,"""tt0455824""","""Australia""","""/45X7LFsgYvdEgFCkXSZCQOZMuJX.jpg"""
350,"""tt0120586""","""American History X""","""/c2gsmSQ2Cqv8zosqKOCwRS0GFBS.jpg"""
351,"""tt0479884""","""Crank""","""/t2q1VRw1c3ONxKXPbyJindPiKNB.jpg"""
352,"""tt0386032""","""Sicko""","""/8PxUhW78Oy4DWZNRyUkKYmhGUaH.jpg"""
353,"""tt0368891""","""National Treasure""","""/pxL6E4GBOPUG6CdkO9cUQN5VMwI.jpg"""
354,"""tt0064116""","""Once Upon a Time in the West""","""/qbYgqOczabWNn2XKwgMtVrntD6P.jpg"""
355,"""tt0465602""","""Shoot 'Em Up""","""/pbHpZfjzF4hKomaSmSZWRWKhO0P.jpg"""
356,"""tt0399295""","""Lord of War""","""/3MGQD4yXokufNlW1AyRXdiy7ytP.jpg"""
357,"""tt0443274""","""Vantage Point""","""/4mSh7NZiW36rUbpIgcKeGVcbSSx.jpg"""
358,"""tt0088847""","""The Breakfast Club""","""/9nai8pRm4Ja0O265Qp6UyqXlLQ8.jpg"""
359,"""tt0362120""","""Scary Movie 4""","""/4SMqo8Me8aCT4KAVLeG9pk8VYiN.jpg"""
360,"""tt0086190""","""Return of the Jedi""","""/xxCnFmRZ83jHTZsBiceG4IBUGoq.jpg"""
361,"""tt0373926""","""The Interpreter""","""/wTidq3J9fh8sEOAlD8WZFHVLSuB.jpg"""
362,"""tt0780536""","""In Bruges""","""/jMiBBqk72VRo1Y39x2ZbbenEU3a.jpg"""
363,"""tt0808151""","""Angels & Demons""","""/uRBapeuwV8yy4in4BkETHBDmWkH.jpg"""
364,"""tt1193138""","""Up in the Air""","""/wZRNEkDxVDNNVaCPN7jKziMHmk5.jpg"""
365,"""tt0452623""","""Gone Baby Gone""","""/oGzH1P6w59UlkbxivvmHsiGsUKG.jpg"""
366,"""tt1073498""","""Meet the Spartans""","""/DWQOjAPvM8Kk1Qp3Xq0zae0Z6w.jpg"""
367,"""tt1262416""","""Scream 4""","""/lQ07mgY76xGKzb84tztrAabifP9.jpg"""
368,"""tt0106308""","""Army of Darkness""","""/xsgTuAtR2zSH8Umg3jWZcZjlDpe.jpg"""
369,"""tt0088247""","""The Terminator""","""/qvktm0BHcnmDpul4Hz01GIazWPr.jpg"""
370,"""tt0087182""","""Dune""","""/gYxUaK8HIBBkE5MycLSDFoc8bRq.jpg"""
371,"""tt0365748""","""Shaun of the Dead""","""/dgXPhzNJH8HFTBjXPB177yNx6RI.jpg"""
372,"""tt0166924""","""Mulholland Drive""","""/tVxGt7uffLVhIIcwuldXOMpFBPX.jpg"""
373,"""tt0103873""","""Braindead""","""/8ppAsvY7HPoNzNvAmkgjx7FTRpw.jpg"""
374,"""tt0107048""","""Groundhog Day""","""/katMtDlCbCIi7KheS2ENUjLOben.jpg"""
375,"""tt0099487""","""Edward Scissorhands""","""/e0FqKFvGPdQNWG8tF9cZBtev9Em.jpg"""
376,"""tt0382628""","""Dark Water""","""/cm4M9xaBu78IjuAVNG4LCXdXsg.jpg"""
377,"""tt0418689""","""Flags of Our Fathers""","""/2nkPrhf4YIyMFelfe4zdOnGRYz5.jpg"""
378,"""tt0446029""","""Scott Pilgrim vs. the World""","""/gseLBM6CzrwubkvGAqOsVd7FtKn.jpg"""
379,"""tt0110632""","""Natural Born Killers""","""/2fd7UrKcFp9xShEmDBGKHZeuWfe.jpg"""
380,"""tt0114746""","""Twelve Monkeys""","""/gt3iyguaCIw8DpQZI1LIN5TohM2.jpg"""
381,"""tt0087800""","""A Nightmare on Elm Street""","""/wGTpGGRMZmyFCcrY2YoxVTIBlli.jpg"""
382,"""tt0103776""","""Batman Returns""","""/jKBjeXM7iBBV9UkUcOXx3m7FSHY.jpg"""
383,"""tt0395251""","""The Producers""","""/nG0Bix2SH2SQcbAIGhb6yqTG5UH.jpg"""
384,"""tt0391198""","""The Grudge""","""/5AGB8FVELnhMMw3nO372sw1xp58.jpg"""
385,"""tt0289879""","""The Butterfly Effect""","""/l3ad5yv0Nn91zYPgeCjTvut2Nqg.jpg"""
386,"""tt0808279""","""Funny Games""","""/vq7XV1KT6ix94GDgMfufZ0Qzamd.jpg"""
387,"""tt0898367""","""The Road""","""/qLaXnLzqleBWQtjvZ6JGVSaKoC3.jpg"""
388,"""tt0093773""","""Predator""","""/k3mW4qfJo6SKqe6laRyNGnbB9n5.jpg"""
389,"""tt0304141""","""Harry Potter and the Prisoner of Azkaban""","""/aWxwnYoe8p2d2fcxOqtvAtJ72Rw.jpg"""
390,"""tt0805526""","""Facing the Giants""","""/33gkfCURxgBBpiAnrWua4Txmrvs.jpg"""
391,"""tt0086879""","""Amadeus""","""/1n5VUlCqgmVax1adxGZm8oCFaKc.jpg"""
392,"""tt1298650""","""Pirates of the Caribbean: On Stranger Tides""","""/keGfSvCmYj7CvdRx36OdVrAEibE.jpg"""
393,"""tt0056172""","""Lawrence of Arabia""","""/AiAm0EtDvyGqNpVoieRw4u65vD1.jpg"""
394,"""tt0092005""","""Stand by Me""","""/7QbJa6syM4ZYxtey0d7qB7bmhzb.jpg"""
395,"""tt0110357""","""The Lion King""","""/sKCr78MXSLixwmZ8DyJLrpMsd15.jpg"""
396,"""tt0811080""","""Speed Racer""","""/x800OyHuJ9JDuhHLtdPLkH1vBjw.jpg"""
397,"""tt0990407""","""The Green Hornet""","""/q1fXWEoZXogYjAUy32pUc6NL2IH.jpg"""
398,"""tt0483607""","""Doomsday""","""/cKUmTyXgmhv8cMRCY9RYTKcAeTn.jpg"""
399,"""tt0061722""","""The Graduate""","""/z1Z1tZMR66RxcNeHbwoEhYeqOlP.jpg"""
400,"""tt0382992""","""Stealth""","""/eVmOkUrEIRm6DKusKbI1gVS8paQ.jpg"""
401,"""tt0379725""","""Capote""","""/k7z0tDxzbDNev7F8l3Y56Pk5seR.jpg"""
402,"""tt0308644""","""Finding Neverland""","""/5JyDPH4qdr0I6pF7Bjh1Qrf1Jhh.jpg"""
403,"""tt1440728""","""The American""","""/5OEOsRaBsSxD0qBtAhus0iKDzr.jpg"""
404,"""tt0436697""","""The Queen""","""/v08RH5Cx9EFAQMBWQuE5jHAgHYs.jpg"""
405,"""tt0985699""","""Valkyrie""","""/8eoRtXswC8IQDsqW7iJWO56NhAv.jpg"""
406,"""tt0453467""","""D\u00e9j\u00e0 Vu""","""/eTX6hklzFOiEVqVukNCEedZKhix.jpg"""
407,"""tt1133985""","""Green Lantern""","""/fj21HwUprqjjwTdkKC1XZurRSpV.jpg"""
408,"""tt0945513""","""Source Code""","""/AtQDTlj3MFOXJd5C9OopaRo3rRo.jpg"""
409,"""tt0349903""","""Ocean's Twelve""","""/Ad55M8newGWemFWCsMAkxO3fDwl.jpg"""
410,"""tt0889583""","""Br\u00fcno""","""/xLFYL5gwCPnMDp5Qmd5wiRSsRPX.jpg"""
411,"""tt0088846""","""Brazil""","""/d0PibPzCK4fVikjoD1PqHovbvkt.jpg"""
412,"""tt0116367""","""From Dusk Till Dawn""","""/sV3kIAmvJ9tPz4Lq5fuf9LLMxte.jpg"""
413,"""tt0357507""","""Boogeyman""","""/5KffN0UcuAKJdUAcOvZ21OrqXc8.jpg"""
414,"""tt0421054""","""Domino""","""/pZdIfYkM5kV5BaUDYzwzgmpUxno.jpg"""
415,"""tt0367959""","""Hannibal Rising""","""/7FTDMQoac0uqJUquZk4KenDzLMZ.jpg"""
416,"""tt0427327""","""Hairspray""","""/g1yQLFeAo7ZNdCPY1F7yytnn2UP.jpg"""
417,"""tt0467197""","""Max Payne""","""/3cWnCG5NyXJYARO2hmNqfbbgrMA.jpg"""
418,"""tt0780653""","""The Wolfman""","""/cdzkHnXhPbBBBAPLKDXFCy3oHVD.jpg"""
419,"""tt0349683""","""King Arthur""","""/5Mqmke8JKE7s8JeYNp7XtzxQXbL.jpg"""
420,"""tt0080761""","""Friday the 13th""","""/HzrPn1gEHWixfMOvOehOTlHROo.jpg"""
421,"""tt0498353""","""Hostel: Part II""","""/qB20aiY8Ah3pQikkBxm3j7jQVc8.jpg"""
422,"""tt0327554""","""Catwoman""","""/pvnPgukFyEKgCzyOxyLiwyZ8T1C.jpg"""
423,"""tt0369339""","""Collateral""","""/iOpi3ut5DhQIbrVVjlnmfy2U7dI.jpg"""
424,"""tt0289043""","""28 Days Later""","""/sQckQRt17VaWbo39GIu0TMOiszq.jpg"""
425,"""tt0398017""","""Derailed""","""/bcCoOkwEBHUS5Y7Rm1u1oTLUHdb.jpg"""
426,"""tt0109506""","""The Crow""","""/iH5eExSCOv1kxJXH9npPyM0EAJF.jpg"""
427,"""tt1197624""","""Law Abiding Citizen""","""/fcEXcip7v0O1ndV4VUdFqJSqbOg.jpg"""
428,"""tt0393109""","""Brick""","""/5WVk8JpNIxepn4fpZzQeCumkOL5.jpg"""
429,"""tt0351283""","""Madagascar""","""/zMpJY5CJKUufG9OTw0In4eAFqPX.jpg"""
430,"""tt0765443""","""Eastern Promises""","""/dpiJWb4NrWgcOg2rusuLhDM0hTm.jpg"""
431,"""tt0209144""","""Memento""","""/bDgEwnPFcPrJcM5xvkt8EphZ9A3.jpg"""
432,"""tt0387808""","""Idiocracy""","""/k75tEyoPbPlfHSKakJBOR5dx1Dp.jpg"""
433,"""tt0959337""","""Revolutionary Road""","""/63PKnmHjaDcTAjZIfj6bWVN8gvw.jpg"""
434,"""tt0316654""","""Spider-Man 2""","""/olxpyq9kJAZ2NU1siLshhhXEPR7.jpg"""
435,"""tt0172495""","""Gladiator""","""/ty8TGRuvJLPUmAR1H1nRIsgwvim.jpg"""
436,"""tt0372873""","""Dragon Wars: D-War""","""/rEpvqWGu08coDLUpcpiz4sMoDYo.jpg"""
437,"""tt0363547""","""Dawn of the Dead""","""/ttquyxStEEctzghtA2f4PUGprDr.jpg"""
438,"""tt0317705""","""The Incredibles""","""/2LqaLgk4Z226KkgPJuiOQ58wvrm.jpg"""
439,"""tt0385002""","""Green Street Hooligans""","""/tfLj69EoP1b8ZWfLyg5FGJ5LC38.jpg"""
440,"""tt1182345""","""Moon""","""/cJ6JnuLwCNbiAAOBuHDjRTP7bQJ.jpg"""
441,"""tt1155076""","""The Karate Kid""","""/o4gwFcm6qRgnC9Gff4giy0POHdF.jpg"""
442,"""tt0144117""","""The Boondock Saints""","""/gj3V39yiGPH1FAylXxzzVneflxA.jpg"""
443,"""tt0461770""","""Enchanted""","""/8KCNzCArLlvLdQoHx6npua2VSVc.jpg"""
444,"""tt0386117""","""Where the Wild Things Are""","""/sDFV9VEjwTUWF1s5sjOllsb70jk.jpg"""
445,"""tt1220634""","""Resident Evil: Afterlife""","""/7bOaokWMNxRkAUorl71kPoEz4lJ.jpg"""
446,"""tt0078935""","""Cannibal Holocaust""","""/q8TR9TEePfYCFNvOo85Pwcd5pO5.jpg"""
447,"""tt0425061""","""Get Smart""","""/c1x9EYmTTe9xTM8DclELORwC1PN.jpg"""
448,"""tt1462758""","""Buried""","""/splPNB0vAoNlb8l5WYxz2E3FK2G.jpg"""
449,"""tt0481369""","""The Number 23""","""/mlNU8a1SkTu6cKA4LAoZxfNPng0.jpg"""
450,"""tt0960144""","""You Don't Mess with the Zohan""","""/gBhLQmpCPoKFMCGsulMbIFzrBID.jpg"""
451,"""tt0118688""","""Batman & Robin""","""/cGRDufDDSrFrv7VI4YnmWnslne0.jpg"""
452,"""tt1091617""","""Expelled: No Intelligence Allowed""","""/fQgNm7DK6DxfBuSfhQSjtGZYALf.jpg"""
453,"""tt0075148""","""Rocky""","""/hEjK9A9BkNXejFW4tfacVAEHtkn.jpg"""
454,"""tt0319262""","""The Day After Tomorrow""","""/kNKy8eJemg6sCAMBgh4xrD0lleX.jpg"""
455,"""tt1082868""","""Quarantine""","""/rGfOD8IC1x4PqmnqRuA8KyCckia.jpg"""
456,"""tt1022603""","""(500) Days of Summer""","""/f9mbM0YMLpYemcWx6o2WeiYQLDP.jpg"""
457,"""tt0112641""","""Casino""","""/6zEZY1htzRos2w0W3T7o7W1WJhp.jpg"""
458,"""tt0397101""","""The Skeleton Key""","""/sH7mDPlWwFTqVUg6yKRvToCMH3B.jpg"""
459,"""tt0099674""","""The Godfather Part III""","""/lm3pQ2QoQ16pextRsmnUbG2onES.jpg"""
460,"""tt0465494""","""Hitman""","""/h69UJOOKlrHcvhl5H2LY74N61DQ.jpg"""
461,"""tt0910936""","""Pineapple Express""","""/6E50WjeOYjDZg9HXgPjYdGtY2jG.jpg"""
462,"""tt0105695""","""Unforgiven""","""/yKyLJmRAtyXEEYKOvPhKHXIcPq9.jpg"""
463,"""tt0405094""","""The Lives of Others""","""/pUKnhEQvQJI7SAIMbDsmrXUAMVE.jpg"""
464,"""tt0420294""","""The Texas Chainsaw Massacre: The Beginning""","""/2S0XKVZGZUnsF4DjLOyZ0C63bWO.jpg"""
465,"""tt0314331""","""Love Actually""","""/7QPeVsr9rcFU9Gl90yg0gTOTpVv.jpg"""
466,"""tt0361862""","""The Machinist""","""/diAYqR4xdF9Hnj7qun6DEQhRrT2.jpg"""
467,"""tt0063350""","""Night of the Living Dead""","""/b6yJXwYAXgqJKNdOrEQxxbQ8oG4.jpg"""
468,"""tt0092991""","""Evil Dead II""","""/4zqCKJVHUolGs6C5AZwAZqLWixW.jpg"""
469,"""tt0076786""","""Suspiria""","""/5ya8jTbNZTrCFUx9OwpNBjCivXY.jpg"""
470,"""tt0081398""","""Raging Bull""","""/rEviyDWNbAFmvvCPlkMRPAGUElG.jpg"""
471,"""tt0427312""","""Grizzly Man""","""/nXIV2qGK9KkdkaOTzrpK87CuAGC.jpg"""
472,"""tt0443680""","""The Assassination of Jesse James by the Coward Robert Ford""","""/9QnHSUMXiKFO4AVxbzpstbnH0T5.jpg"""
473,"""tt0185937""","""The Blair Witch Project""","""/9050VGrYjYrEjpOvDZVAngLbg1f.jpg"""
474,"""tt0465538""","""Michael Clayton""","""/hhkW4yVIGo8Bee3UITKvqOvhNMG.jpg"""
475,"""tt0116209""","""The English Patient""","""/8eHHqMg8qEYtVw8LQLygsHXSR2q.jpg"""
476,"""tt0117951""","""Trainspotting""","""/6UTzw3kipgTYAJCX8GExoXzcVOx.jpg"""
477,"""tt0892769""","""How to Train Your Dragon""","""/ygGmAO60t8GyqUo9xYeYxSZAR3b.jpg"""
478,"""tt1542344""","""127 Hours""","""/h0RMdn0rfl9l5hWXz3tUh6QVkhi.jpg"""
479,"""tt0074486""","""Eraserhead""","""/fjq2xZvWWKZJtg8FGNHXdbVoAAf.jpg"""
480,"""tt0475944""","""The Covenant""","""/4jwVlbGt3BeLr8HCbCTVa72IcWe.jpg"""
481,"""tt0091763""","""Platoon""","""/8hDlxJZYCJJLRHbSk7hsRQ9SNp7.jpg"""
482,"""tt0439815""","""Slither""","""/7D4ZS7LUnc89ptIt0yW7L4SYPOG.jpg"""
483,"""tt0460780""","""In the Name of the King: A Dungeon Siege Tale""","""/bbN1lmDk1PT0GsTFCy179sk5nIF.jpg"""
484,"""tt0426931""","""August Rush""","""/oA6ZeICPINiS6YtD5WZeBaGVmuT.jpg"""
485,"""tt0372588""","""Team America: World Police""","""/m1Q2VFe1DVVbjfu1LDZe7tlp9yb.jpg"""
486,"""tt0339291""","""Lemony Snicket's A Series of Unfortunate Events""","""/r7S57FpBsCljWc9fBUo2Iy5XGew.jpg"""
487,"""tt0097576""","""Indiana Jones and the Last Crusade""","""/sizg1AU8f8JDZX4QIgE4pjUMBvx.jpg"""
488,"""tt0430105""","""Four Brothers""","""/8cO39cnWSZQi2ncPG5TxL3YRzKc.jpg"""
489,"""tt0840361""","""The Town""","""/3NIzyXkfylsjflRKSz8Fts3lXzm.jpg"""
490,"""tt0087843""","""Once Upon a Time in America""","""/i0enkzsL5dPeneWnjl1fCWm6L7k.jpg"""
491,"""tt0073629""","""The Rocky Horror Picture Show""","""/3pyE6ZqDbuJi7zrNzzQzcKTWdmN.jpg"""
492,"""tt0373074""","""Kung Fu Hustle""","""/exbyTbrvRUDKN2mcNEuVor4VFQW.jpg"""
493,"""tt0328107""","""Man on Fire""","""/v8H6dPqXhHWW137ubxqD4HdHTib.jpg"""
494,"""tt0371257""","""Stay""","""/smhLbpeaTXAY2DYp2c6f0rnsu1X.jpg"""
495,"""tt0463985""","""The Fast and the Furious: Tokyo Drift""","""/cm2ffqb3XovzA5ZSzyN3jnn8qv0.jpg"""
496,"""tt0362478""","""The Box""","""/xMAmOu6xl4CsstixcuecBle9krd.jpg"""
497,"""tt0112462""","""Batman Forever""","""/mzzNBVwTiiY94xAXDMWJpNPW2US.jpg"""
498,"""tt0213149""","""Pearl Harbor""","""/y8A0Cvp8WQmZ3bjbnsL53lY0dsC.jpg"""
499,"""tt0477071""","""Premonition""","""/vKW1XIYrIqVrbCaYj9FQDHKXR8R.jpg"""
500,"""tt0963794""","""The Ruins""","""/6HpicbiT7xmlMjQXOSCeNoLZGpf.jpg"""
501,"""tt0432021""","""Resident Evil: Extinction""","""/6yaLr7Ymg5cvbtSVi5hHwBKx35I.jpg"""
502,"""tt0411477""","""Hellboy II: The Golden Army""","""/fGQAO4RgUzspO7L4u5KXirIn34s.jpg"""
503,"""tt0117509""","""Romeo + Juliet""","""/eLf4jclPijOqfEp6bDAmezRFxk5.jpg"""
504,"""tt0388482""","""Transporter 2""","""/cdm17vK8PxHfTi7ayZf6WKbOgUO.jpg"""
505,"""tt0814255""","""Percy Jackson & the Olympians: The Lightning Thief""","""/vayx5t1cYCpBGV9ylTGn0Sr9rA2.jpg"""
506,"""tt0286106""","""Signs""","""/hyZkNEbNgnciUVTyu4NZTjlCh4L.jpg"""
507,"""tt0105643""","""Troll 2""","""/eFth6zw4PEInzr2Y64mYVN1zbBi.jpg"""
508,"""tt0203009""","""Moulin Rouge!""","""/2kjM5CUZRIU5yOANUowrbJcRL9L.jpg"""
509,"""tt0053125""","""North by Northwest""","""/8gvfRlVpcKaTVqipXpYOGWBN1aO.jpg"""
510,"""tt0428803""","""March of the Penguins""","""/o9xJ1xG1WKlHkl8ACqq0LShOuMu.jpg"""
511,"""tt1318514""","""Rise of the Planet of the Apes""","""/cjLsuP75UDlRdJVMXzXg3TJ4umX.jpg"""
512,"""tt0091369""","""Labyrinth""","""/q2GimbyqxCeLkRfSMajtaHdwWg9.jpg"""
513,"""tt0387898""","""Cach\u00e9""","""/oTAe1aW9IWjnY4ZW1YRx6UaXM2f.jpg"""
514,"""tt0032138""","""The Wizard of Oz""","""/bSA6DbAC5gdkaooU164lQUX6rVs.jpg"""
515,"""tt0455590""","""The Last King of Scotland""","""/mTtgpH6UnHUtD8moRJUzfGLOZTj.jpg"""
516,"""tt0317248""","""City of God""","""/k7eYdWvhYQyRQoU2TB2A2Xu2TfD.jpg"""
517,"""tt0377471""","""Be Cool""","""/ekKCH7Zkb5ZTr1f1AczZY23FH.jpg"""
518,"""tt0870984""","""Antichrist""","""/7dZolgPm00vOd7RxWOMf94pA67J.jpg"""
519,"""tt0878804""","""The Blind Side""","""/bMgq7VBriuBFknXEe9E9pVBYGZq.jpg"""
520,"""tt0121765""","""Star Wars: Episode II - Attack of the Clones""","""/oZNPzxqM2s5DyVWab09NTQScDQt.jpg"""
521,"""tt0049730""","""The Searchers""","""/jLBmgW0epNzJ1N9uzaVCjbyT94v.jpg"""
522,"""tt0441773""","""Kung Fu Panda""","""/wWt4JYXTg5Wr3xBW2phBrMKgp3x.jpg"""
523,"""tt0824747""","""Changeling""","""/dsCAryPlgLlpZu80hhLTwQHRIpU.jpg"""
524,"""tt0087469""","""Indiana Jones and the Temple of Doom""","""/3CUUdNP7bHvJ7UT2MiG9iDKIRdu.jpg"""
525,"""tt0082096""","""Das Boot""","""/u8FhQPncOAkwcei2OI9orPWhV6K.jpg"""
526,"""tt0317676""","""House of the Dead""","""/lI6UBnxwHztggSq8PhLibdOe2Nd.jpg"""
527,"""tt0399877""","""What the #$*! Do We (K)now!?""","""/pUgCmDbYdKICEjBFDZPt2Ware2G.jpg"""
528,"""tt0095327""","""Grave of the Fireflies""","""/k9tv1rXZbOhH7eiCk378x61kNQ1.jpg"""
529,"""tt0848557""","""Diary of the Dead""","""/tGktSJW5dPf8QIjmcqum4KOEZPZ.jpg"""
530,"""tt0780571""","""Mr. Brooks""","""/yO9pNxyAFGb1i8cutXsYlTF5RT7.jpg"""
531,"""tt0078346""","""Superman""","""/d7px1FQxW4tngdACVRsCSaZq0Xl.jpg"""
532,"""tt0384680""","""The Weather Man""","""/oQilVzOxLPxvBn9hAuvGpKTpONM.jpg"""
533,"""tt0108358""","""Tombstone""","""/f6Lb4bpUW2AJW42Hpnix2533RKU.jpg"""
534,"""tt1038988""","""[REC]""","""/5XsVGgo8I12v3KlPcD0r1CNHMC6.jpg"""
535,"""tt0413267""","""Shrek the Third""","""/n4SexGGQzI26E269tfpa80MZaGV.jpg"""
536,"""tt1403981""","""Remember Me""","""/j7umuMiLCHvWT7wYhFKJOTFSokF.jpg"""
537,"""tt0985694""","""Machete""","""/dcPSm1rGEFdiEc7DaKz0t5kb66b.jpg"""
538,"""tt1243957""","""The Tourist""","""/oXe1nw4HcS32YVpvxwsWEVdvEXA.jpg"""
539,"""tt0338526""","""Van Helsing""","""/gsFun8nATm52aGHeT8ueAel98nE.jpg"""
540,"""tt0890870""","""Saw IV""","""/e3pLI0qN1AKGHwOcMuwTpyI2SLN.jpg"""
541,"""tt1148204""","""Orphan""","""/lCGpOgoTOGLtZnBiGY9HRg5Xnjd.jpg"""
542,"""tt0070917""","""The Wicker Man""","""/wwtrXRL8SiOWxhwLEvw7iBgYh0g.jpg"""
543,"""tt0043014""","""Sunset Boulevard""","""/sC4Dpmn87oz9AuxZ15Lmip0Ftgr.jpg"""
544,"""tt0375154""","""Tristan & Isolde""","""/AlrH53hsH0hsQ5GNp1Ip0GZetth.jpg"""
545,"""tt1411697""","""The Hangover Part II""","""/jrP9zmdSUpOzzUXpEqPqg3dryUr.jpg"""
546,"""tt1017460""","""Splice""","""/4oqaWnO3dKYAt3vZWAD4oLfOXOC.jpg"""
547,"""tt0429493""","""The A-Team""","""/k3mKy2zYfzqGg9o5JeDyzSEPPHO.jpg"""
548,"""tt1470827""","""Monsters""","""/qpJyTxR33KG9qFmXoCD5AUTToPl.jpg"""
549,"""tt0097165""","""Dead Poets Society""","""/ai40gM7SUaGA6fthvsd87o8IQq4.jpg"""
550,"""tt1213644""","""Disaster Movie""","""/3J8XKUfhJiNzwobUZVtizXYPe8b.jpg"""
551,"""tt0342258""","""Unleashed""","""/eOmXfQgDLUndae2xnwJfV0JZ2JN.jpg"""
552,"""tt0257516""","""Cursed""","""/em45jL4CfTMyj5V83kj7rhdorJu.jpg"""
553,"""tt0460829""","""Inland Empire""","""/jCMan6hF3AylUBEhjDKvya02LPH.jpg"""
554,"""tt0117500""","""The Rock""","""/j5mxLNWjUlXUUk8weFBtnF4afIR.jpg"""
555,"""tt0056592""","""To Kill a Mockingbird""","""/o5icF9TCe8Ld5bWy19rPwsNyLLv.jpg"""
556,"""tt0976051""","""The Reader""","""/r0WURbmnhgKeBpHcpDULBgRedQM.jpg"""
557,"""tt1013743""","""Knight and Day""","""/a7JmOBMNj5erYTgt4u1mQgvHItu.jpg"""
558,"""tt0091042""","""Ferris Bueller's Day Off""","""/9LTQNCvoLsKXP0LtaKAaYVtRaQL.jpg"""
559,"""tt0085636""","""Halloween III: Season of the Witch""","""/WABfdeaThFYXCySGIOvRNv2sSW.jpg"""
560,"""tt0373469""","""Kiss Kiss Bang Bang""","""/aWfjIkpENFX6Uw82pET7EQ6jnrd.jpg"""
561,"""tt0108399""","""True Romance""","""/39lXk6ud6KiJgGbbWI2PUKS7y2.jpg"""
562,"""tt0083866""","""E.T. the Extra-Terrestrial""","""/an0nD6uq6byfxXCfk6lQBzdL2J1.jpg"""
563,"""tt0470705""","""Bug""","""/yjTmmAngldFoyDhHxNM8fHblk3O.jpg"""
564,"""tt0175996""","""The Other Conquest""","""/cD1V0wj6CkKvEPrXb0ZAa0v7uJi.jpg"""
565,"""tt0914798""","""The Boy in the Striped Pyjamas""","""/2C8QCXdMlojTxZjfBlINr4FWcb6.jpg"""
566,"""tt0464154""","""Piranha 3D""","""/9651UNV3Mj45IOYCD9vlxFpYiw0.jpg"""
567,"""tt0328538""","""Thirteen""","""/uzTLlZrNF6rMPBh5mUQu6vLnTtX.jpg"""
568,"""tt0408345""","""Firewall""","""/v4HHAWJthAGxnvefLGSyeSInZZx.jpg"""
569,"""tt0498380""","""Letters from Iwo Jima""","""/kZokxQtzMPURvijWYFuvh1fAvnv.jpg"""
570,"""tt0964517""","""The Fighter""","""/gmTLorYhXJZgdzUsUhvm1ZkRTl0.jpg"""
571,"""tt0109686""","""Dumb and Dumber""","""/4LdpBXiCyGKkR8FGHgjKlphrfUc.jpg"""
572,"""tt0800039""","""Forgetting Sarah Marshall""","""/6VKSQ40z76zi6nMqX7zjCZKfsBa.jpg"""
573,"""tt1536044""","""Paranormal Activity 2""","""/gfdrkBZAyUUXJJ2iLQe03SAYRD3.jpg"""
574,"""tt0368909""","""Ong Bak: Muay Thai Warrior""","""/oagqAwp48dMPoCT94yDJUDOCVPi.jpg"""
575,"""tt0113749""","""Mallrats""","""/kNm0AQFIc4nlzCd8Nqvbb5gccAV.jpg"""
576,"""tt0386588""","""Hitch""","""/x3W9H3nhGQbWSlyI8Amp2F6Z6cz.jpg"""
577,"""tt0427944""","""Thank You for Smoking""","""/xIlQYkRjpGBMXDkZoS3IRcckScA.jpg"""
578,"""tt0068833""","""The Last House on the Left""","""/iMeXdKEvSeoEh4WfDFQamaHZlG3.jpg"""
579,"""tt0045152""","""Singin' in the Rain""","""/671EPwBsHGHBk0cdOeZqmOK0XB3.jpg"""
580,"""tt0102138""","""JFK""","""/r0VWVTYlqdRCK5ZoOdNnHdqM2gt.jpg"""
581,"""tt0430912""","""Basic Instinct 2""","""/2cyAr10tG9p9mUEc7BA98RsetCp.jpg"""
582,"""tt0907657""","""Once""","""/7nW363kSYRCkr4VGOMvuSGwtzKs.jpg"""
583,"""tt0116996""","""Mars Attacks!""","""/hll4O5vSAfnZDb6JbnP06GPtz7b.jpg"""
584,"""tt0822854""","""Shooter""","""/tyRP8JedrDkPPvH3JxKYsdP2esu.jpg"""
585,"""tt0363589""","""Elephant""","""/1a4VU9z2hxEvugHMK7VsobB9xTX.jpg"""
586,"""tt0059742""","""The Sound of Music""","""/xvXiJggaxRrU4jLjTXCmqnqEsGd.jpg"""
587,"""tt0398165""","""The Longest Yard""","""/nbKcVBcxF96ARW2oKHqDYAcLdu.jpg"""
588,"""tt0405508""","""Rang De Basanti""","""/f1bF8CHzEu621bPSIg6XiUNAabh.jpg"""
589,"""tt1201167""","""Funny People""","""/gEYKD5cWCBGg8Za3hhwDBk3gEsP.jpg"""
590,"""tt0281358""","""A Walk to Remember""","""/8lUYMvWdHA0Q0k5F76RQCeCBUkA.jpg"""
591,"""tt0041959""","""The Third Man""","""/oIF3l7Dxp7Eyye10BNyM611wtKa.jpg"""
592,"""tt0118715""","""The Big Lebowski""","""/9mprbw31MGdd66LR0AQKoDMoFRv.jpg"""
593,"""tt0497465""","""Vicky Cristina Barcelona""","""/6rGpTCfAxxnx1YODyPmjDhSkdCC.jpg"""
594,"""tt0312004""","""Wallace & Gromit: The Curse of the Were-Rabbit""","""/cMQ2lNd7sBe6PCf6zF5QxrKzbRG.jpg"""
595,"""tt0815241""","""Religulous""","""/hBv5LCbWxPB8iU77dwurSGMVZ3N.jpg"""
596,"""tt1385826""","""The Adjustment Bureau""","""/A4wKf04g4DCVAWC67uPGozIJPGw.jpg"""
597,"""tt0064757""","""On Her Majesty's Secret Service""","""/yVzJLLhBwuWJBR9BYEMurShu2WT.jpg"""
598,"""tt1324999""","""The Twilight Saga: Breaking Dawn - Part 1""","""/qs8LsHKYlVRmJbFUiSUhhRAygwj.jpg"""
599,"""tt0071315""","""Chinatown""","""/mQJz8J4naOA7RmCtypTPjgXZIMY.jpg"""
600,"""tt0450232""","""16 Blocks""","""/p3ygfjYH0r0kNRbglwKNUgagiZR.jpg"""
601,"""tt0804461""","""Death Sentence""","""/3rdEAMh4a3pc7GO6fSkJwpt7BWX.jpg"""
602,"""tt0357413""","""Anchorman: The Legend of Ron Burgundy""","""/Rdzsh3s6waplhSD7PUaBJovB7v.jpg"""
603,"""tt0107688""","""The Nightmare Before Christmas""","""/oQffRNjK8e19rF7xVYEN8ew0j7b.jpg"""
604,"""tt0458339""","""Captain America: The First Avenger""","""/vSNxAJTlD0r02V9sPYpOjqDZXUK.jpg"""
605,"""tt0290002""","""Meet the Fockers""","""/yr63jamc8NuEXUNQPX1fyjoEF2Q.jpg"""
606,"""tt0075686""","""Annie Hall""","""/dEtjPywhDbAXYjoFfhBC4U9unU7.jpg"""
607,"""tt1212419""","""Hereafter""","""/nOy0X8XSmSDOuwV8pqT70WoWHwT.jpg"""
608,"""tt0245429""","""Spirited Away""","""/39wmItIWsg5sZMyRUHLkWBcuVCM.jpg"""
609,"""tt0109707""","""Ed Wood""","""/ab28VMfoYOJcHipIVFmd7hYW029.jpg"""
610,"""tt0144084""","""American Psycho""","""/9uGHEgsiUXjCNq8wdq4r49YL8A1.jpg"""
611,"""tt0080339""","""Airplane!""","""/hiURvJjCgk0s10urHVCg80TFF11.jpg"""
612,"""tt0085334""","""A Christmas Story""","""/f3VITMLSmP3Ai65AvXT54RcF5Sw.jpg"""
613,"""tt0758766""","""Music and Lyrics""","""/xcdA2WLBNcPXMQB9uA5DqqQvbwe.jpg"""
614,"""tt1059786""","""Eagle Eye""","""/9KCOv0hL37IN3tWG3j86eZg3xDH.jpg"""
615,"""tt0822832""","""Marley & Me""","""/pnB6hjTKylb0Ve2nUWt16gzkErr.jpg"""
616,"""tt0094625""","""Akira""","""/neZ0ykEsPqxamsX6o5QNUFILQrz.jpg"""
617,"""tt0318081""","""A Sound of Thunder""","""/5P9RMG2q5hNRELkWWqxfhQNoyc9.jpg"""
618,"""tt0430308""","""Get Rich or Die Tryin'""","""/aaEJu8vFKtrAoSRtw3xjCf1aM5d.jpg"""
619,"""tt0405296""","""A Scanner Darkly""","""/lUKudOpHICDj6A6SO7DdaZM4W48.jpg"""
620,"""tt0427969""","""Hollywoodland""","""/fhLRUXpVGBsDL2dMWkOwuPNzlrq.jpg"""
621,"""tt1175491""","""W.""","""/nJm8UF4zbUYEoku9seEtz1PTJGS.jpg"""
622,"""tt1038686""","""Legion""","""/ykocDqwg5PRUopnBVb1x1DWnEJF.jpg"""
623,"""tt0074285""","""Carrie""","""/uc3OvgmbnYaS5Y0BOjSmC1EmSz1.jpg"""
624,"""tt0116922""","""Lost Highway""","""/5POhfNeFPIi4VUNwCTaK85sh98r.jpg"""
625,"""tt0286716""","""Hulk""","""/qnngKqAcqfH2pBxDoKu5lxzSbTo.jpg"""
626,"""tt0114436""","""Showgirls""","""/ojcUMFpOhYuDOlIb4Ik47mBcYej.jpg"""
627,"""tt0052077""","""Plan 9 from Outer Space""","""/bmicZi7PvlnZ9rZqp6QXN2Db0pT.jpg"""
628,"""tt0452702""","""Vacancy""","""/1DdfXaXzi1sJysZ800GOUAwlLR4.jpg"""
629,"""tt0318627""","""Resident Evil: Apocalypse""","""/yzNQSLlZb7NAkA4C5uADfNDJ7hm.jpg"""
630,"""tt0091474""","""Manhunter""","""/6rb24x39vV8n5301IelC8rCPJTH.jpg"""
631,"""tt0063522""","""Rosemary's Baby""","""/s8pdaHjxNPLXIA1WjSTWm00RJTz.jpg"""
632,"""tt0420087""","""A Prairie Home Companion""","""/asMi90blB9dYIpeW1qEVDfiNEa.jpg"""
633,"""tt0441796""","""Stay Alive""","""/hsSJwroE7jugEROB8tmyxJP91Ho.jpg"""
634,"""tt0433386""","""The Grudge 2""","""/gzr7ywaU9mUfASN57FYsKRFb4l0.jpg"""
635,"""tt0435705""","""Next""","""/td5uOBW41ib1KGz3g1Kc33BdFyj.jpg"""
636,"""tt1139328""","""The Ghost Writer""","""/rK7m2Ba0ieXa37NaAmrx4dfRvvM.jpg"""
637,"""tt0211915""","""Am\u00e9lie""","""/oTKduWL2tpIKEmkAqF4mFEAWAsv.jpg"""
638,"""tt0465234""","""National Treasure: Book of Secrets""","""/xxoIBbvmTj1ZttzV439jAvoovTw.jpg"""
639,"""tt0056869""","""The Birds""","""/z0iYrJ6GsAMP3abOha7uGMuc5kZ.jpg"""
640,"""tt0099348""","""Dances with Wolves""","""/cvaBVpS0GzKqBd63pFT8f1E8OKv.jpg"""
641,"""tt0406816""","""The Guardian""","""/iFOw9bXeLM6a2WbI7T1ytF8o0Wn.jpg"""
642,"""tt0404203""","""Little Children""","""/so9xla7b7WfFiarDwOukhQpRuyd.jpg"""
643,"""tt0861689""","""Blindness""","""/deBsx5IxyqCC217j3VY24TkkE0Z.jpg"""
644,"""tt0120201""","""Starship Troopers""","""/cxCmv23O7p3hyHwqoktHYkZcGsY.jpg"""
645,"""tt0891527""","""Lions for Lambs""","""/rvpxNsR0n4zh40WM6MiUlkV60on.jpg"""
646,"""tt0096754""","""The Abyss""","""/jel2BuDv7Bq4fuv2pUrTfiBm69o.jpg"""
647,"""tt0080120""","""The Warriors""","""/fCDXAJcPvpsMd5CL1kBKkkNGW3X.jpg"""
648,"""tt0017136""","""Metropolis""","""/hUK9rewffKGqtXynH5SW3v9hzcu.jpg"""
649,"""tt0419946""","""The Marine""","""/pONyvBJwHNg5CWu7mtsv4qaq75C.jpg"""
650,"""tt1467304""","""The Human Centipede (First Sequence)""","""/gMtjxIkEi0hnTV5lPHbgeZ4ZpUZ.jpg"""
651,"""tt1229238""","""Mission: Impossible - Ghost Protocol""","""/psiWp3VTjznfokmGQG9uqiiknQQ.jpg"""
652,"""tt0082495""","""Halloween II""","""/gL3dPbbZInWn4U9jd87uoFGOdot.jpg"""
653,"""tt0343818""","""I, Robot""","""/efwv6F2lGaghjPpBRSINHtoEiZB.jpg"""
654,"""tt0381966""","""Creep""","""/w5oxV6MDEfL48FMK9BmYTD2wQRm.jpg"""
655,"""tt0496806""","""Ocean's Thirteen""","""/pBsZs4zYUiUTemqbikTZ76iQRaU.jpg"""
656,"""tt0476964""","""The Brave One""","""/9UZ07Rie56aJwPeYPzDDsSyqoc5.jpg"""
657,"""tt0464141""","""The Orphanage""","""/vIpi1KtHLXUOfSVC2m6MqpjSPgL.jpg"""
658,"""tt1220198""","""The Fourth Kind""","""/vfnsGUwurUQqlpvArBvUVc9rYXa.jpg"""
659,"""tt0290673""","""Irreversible""","""/rxeDxo8FvZpLu6iplNpxdtAVnfu.jpg"""
660,"""tt0831887""","""The Spirit""","""/g9qawfzR3LWRC8r8YZ9w2yaQi5W.jpg"""
661,"""tt0087332""","""Ghostbusters""","""/7E8nLijS9AwwUEPu2oFYOVKhdFA.jpg"""
662,"""tt0089218""","""The Goonies""","""/eBU7gCjTCj9n2LTxvCSIXXOvHkD.jpg"""
663,"""tt0043456""","""The Day the Earth Stood Still""","""/x2DquTpLTq54aPFDnqlwY7apCC3.jpg"""
664,"""tt0398286""","""Tangled""","""/ym7Kst6a4uodryxqbGOxmewF235.jpg"""
665,"""tt0477080""","""Unstoppable""","""/zKvHwL0GqLOear8rTnUPSTRYY0r.jpg"""
666,"""tt0993842""","""Hanna""","""/gRvxRMtejJa9jjfDDUibUIfIJbP.jpg"""
667,"""tt0298130""","""The Ring""","""/e2t5CKMox7tjv3iD3Ko7NdFa5lJ.jpg"""
668,"""tt0093870""","""RoboCop""","""/hHtOgGb3NihlyRATHlKPaFApbrd.jpg"""
669,"""tt1261945""","""Sex and the City 2""","""/iHSRxhZsPaVuLCivvV6WEkMVGWU.jpg"""
670,"""tt1228987""","""Let Me In""","""/rgNb9nwPKwV45c5PTvFqFmpzGt0.jpg"""
671,"""tt0403358""","""Night Watch""","""/inkEqKKVqJoLB3ioCnn4h0UC9GP.jpg"""
672,"""tt0308055""","""Bobby""","""/gnSAo6Yx4dV05zWfy4gi9pOY99h.jpg"""
673,"""tt0431197""","""The Kingdom""","""/1RkL0PGod3b75MSrc1nVJxZsoRT.jpg"""
674,"""tt0918927""","""Doubt""","""/9lypT2ghNuUPYVJf66oe4fKvUqI.jpg"""
675,"""tt0106677""","""Dazed and Confused""","""/lR8dzfCIdfaaSWagHHiFcJ6B4PI.jpg"""
676,"""tt0024216""","""King Kong""","""/lHlnxKL5GbgRibyRFI7n1Ey850i.jpg"""
677,"""tt0455960""","""The Hitcher""","""/r6AkbjQJ4FWrFNV3AA46A4fZYRc.jpg"""
678,"""tt1019452""","""A Serious Man""","""/5gGxDS8WmrebPlMHexVS8EVehiP.jpg"""
679,"""tt0462590""","""Step Up""","""/9Y2i54Etpx7JvCxj6D8P3VAH152.jpg"""
680,"""tt0454082""","""Black Christmas""","""/de7ca1V0CLkWnCySrZWgnwT2EiV.jpg"""
681,"""tt0472062""","""Charlie Wilson's War""","""/45FghqcdSYRWK7PsHUInaFPNd8l.jpg"""
682,"""tt0095765""","""Cinema Paradiso""","""/8SRUfRUi6x4O68n0VCbDNRa6iGL.jpg"""
683,"""tt0378194""","""Kill Bill: Vol. 2""","""/2yhg0mZQMhDyvUQ4rG1IZ4oIA8L.jpg"""
684,"""tt0185183""","""Battlefield Earth""","""/neMUscYddxr4cP8wnRHRMLcWS0A.jpg"""
685,"""tt0091251""","""Come and See""","""/qNbMsKVzigERgJUbwf8pKyZogpb.jpg"""
686,"""tt0104348""","""Glengarry Glen Ross""","""/nGZCeCfNseq1ee3cJLBp0rH0djT.jpg"""
687,"""tt0397313""","""Eight Below""","""/xAKEG2CemdK5M86GidaAE5nRWTW.jpg"""
688,"""tt0825232""","""The Bucket List""","""/idbNSe8zsYKQL97dJApfOrDSdya.jpg"""
689,"""tt0986264""","""Like Stars on Earth""","""/fwXhw9bERqKrJfJK6WGakPIh3FS.jpg"""
690,"""tt0357277""","""Elektra""","""/9Azi1GBNj3gPPwmQWAMcATg7JOl.jpg"""
691,"""tt0347149""","""Howl's Moving Castle""","""/yeJ5Nj1k2NA0bBZjkZ10PvQKjTD.jpg"""
692,"""tt0106856""","""Falling Down""","""/7ujqyF96Zg3rfrsh9M0cEF0Yzqj.jpg"""
693,"""tt0120591""","""Armageddon""","""/eTM3qtGhDU8cvjpoa6KEt5E2auU.jpg"""
694,"""tt0048424""","""The Night of the Hunter""","""/rBka0nFWiHxabHRLr0KfIA8Yiaq.jpg"""
695,"""tt0426883""","""Alpha Dog""","""/t9pirEsDxe102mSQGoDZWBbdcCD.jpg"""
696,"""tt0449999""","""Kabhi Alvida Naa Kehna""","""/dkYQgRPuik4FGIUdGGVYGQJWrHa.jpg"""
697,"""tt1144884""","""The Final Destination""","""/5vxXrr1MqGsT4NNeRITpfDnl4Rq.jpg"""
698,"""tt1596343""","""Fast Five""","""/gEfQjjQwY7fh5bI4GlG0RrBu7Pz.jpg"""
699,"""tt0104691""","""The Last of the Mohicans""","""/fYVQRcgnOv998bKEplzrD3faGgt.jpg"""
700,"""tt0110148""","""Interview with the Vampire""","""/2162lAT2MP36MyJd2sttmj5du5T.jpg"""
701,"""tt0094226""","""The Untouchables""","""/8BquGK22zCcsmBWiaIakaaPpSZb.jpg"""
702,"""tt0092890""","""Dirty Dancing""","""/9Jw6jys7q9gjzVX5zm1z0gC8gY9.jpg"""
703,"""tt0088944""","""Commando""","""/ollPAAAgZ7euU8VisfqU3cuXhZ6.jpg"""
704,"""tt0338427""","""Shopgirl""","""/mEpnYHytC1MuLECf4N0g4Xql2t8.jpg"""
705,"""tt0359013""","""Blade: Trinity""","""/rodqqX8NLe3cdcgBMc4CFTPidTy.jpg"""
706,"""tt0362227""","""The Terminal""","""/vRYbjHs129MARMq1VDbnk9Jboen.jpg"""
707,"""tt0350258""","""Ray""","""/tSPC7sO2XYNL9QcMmK88tuUALL5.jpg"""
708,"""tt0120689""","""The Green Mile""","""/velWPhVMQeQKcxggNEU8YmIo52R.jpg"""
709,"""tt0454919""","""Pulse""","""/11tOuxWiGFzL60bVwoiF9SSoMLc.jpg"""
710,"""tt0299977""","""Hero""","""/1NBtOH3KPU9UUp1vzVHJ8qzdW88.jpg"""
711,"""tt0346156""","""Sky Captain and the World of Tomorrow""","""/ceW9Zi43hEQPdxkPkohVCcG1CuT.jpg"""
712,"""tt0340163""","""Hostage""","""/vjhLmtjO2pMQXRgkxcwZoq2Ma8n.jpg"""
713,"""tt0071230""","""Blazing Saddles""","""/nb1MLEOXVFBKTM4J9GLoksqgDBk.jpg"""
714,"""tt0337876""","""Birth""","""/6NY23F5HKQ6PrnBJmSgAK6e4et7.jpg"""
715,"""tt0117998""","""Twister""","""/6tagtmPVOG4QqraQ4piUFLoqaoj.jpg"""
716,"""tt1029234""","""Martyrs""","""/2PmVlnPVG8tGXqC85YiHzL0jX40.jpg"""
717,"""tt1132626""","""Saw V""","""/dpiS8OcDaTkBdQZkkrdQPPXdJgK.jpg"""
718,"""tt1131734""","""Jennifer's Body""","""/wrkjsGcFJxcQqR56kJUYAEKKg2T.jpg"""
719,"""tt0241527""","""Harry Potter and the Philosopher's Stone""","""/wuMc08IPKEatf9rnMNXvIDxqP4W.jpg"""
720,"""tt0181852""","""Terminator 3: Rise of the Machines""","""/qAnafzrd9Y5pVTWAP0tSDDMPzTR.jpg"""
721,"""tt0417001""","""Must Love Dogs""","""/252PdRj3y2S05DC4oSf2qk2vva3.jpg"""
722,"""tt0865556""","""The Forbidden Kingdom""","""/mkrwLBAFHwLnQF8qdhCH0VOQqff.jpg"""
723,"""tt1314655""","""Devil""","""/aivXPSi53H95BoUa5njEYso389s.jpg"""
724,"""tt1478338""","""Bridesmaids""","""/gJtA7hYsBMQ7EM3sPBMUdBfU7a0.jpg"""
725,"""tt1084950""","""Rachel Getting Married""","""/bumaq3lqe4YSsq6LlYoge7e9ABk.jpg"""
726,"""tt1058017""","""The Invention of Lying""","""/clP8tDZeM9jgnqmu4VBClBDpLtS.jpg"""
727,"""tt0319061""","""Big Fish""","""/tjK063yCgaBAluVU72rZ6PKPH2l.jpg"""
728,"""tt0425123""","""Just Like Heaven""","""/aeEgEKS25GureCQRTNV5SywqvjN.jpg"""
729,"""tt0838221""","""The Darjeeling Limited""","""/oSW5OVXTulaIXcoNwJAp5YEKpbP.jpg"""
730,"""tt0292963""","""Before the Devil Knows You're Dead""","""/egIP0s1ws6fGHqTsVqVNcaEa5i2.jpg"""
731,"""tt0337921""","""Cellular""","""/AhD3qVfVmxz5CXDxctXwK5nmrOp.jpg"""
732,"""tt0052618""","""Ben-Hur""","""/m4WQ1dBIrEIHZNCoAjdpxwSKWyH.jpg"""
733,"""tt0403217""","""Last Days""","""/btbp47CHXgLhw30kyDoVfNFLB3g.jpg"""
734,"""tt0468492""","""The Host""","""/dEDLY3KeghKFzks5nTDWdigVikr.jpg"""
735,"""tt0435670""","""The Invisible""","""/vSJloUNJSKWJzQ4RbxBFKOA2p2m.jpg"""
736,"""tt0320691""","""Underworld""","""/zsnQ41UZ3jo1wEeemF0eA9cAIU0.jpg"""
737,"""tt0330793""","""The Punisher""","""/7rmA1HwYp2GKM85BL0cVwCaosGr.jpg"""
738,"""tt0402901""","""The Cave""","""/gMfJo22XulGLA8h8yAjiLhdQusv.jpg"""
739,"""tt0454945""","""She's the Man""","""/gdF2PEBdwoohpPqKL93eCk17zNO.jpg"""
740,"""tt0455760""","""Dead Silence""","""/jovXaCasPvShaQbN8VgS9QkAmo3.jpg"""
741,"""tt0488120""","""Fracture""","""/qNen8x5gaikjIg9CFihgxYcJwQe.jpg"""
742,"""tt1192628""","""Rango""","""/cZ4KgWxYTXHvCgKYqGPRcSiiVoy.jpg"""
743,"""tt0372183""","""The Bourne Supremacy""","""/7IYGiDrquvX3q7e9PV6Pejs6b2g.jpg"""
744,"""tt0303816""","""Cabin Fever""","""/vaUkSL7PbeeKfdFKOh9TYR9M1ds.jpg"""
745,"""tt0486946""","""Wild Hogs""","""/qYyPCZcpNGZwbyBo1gwdCiW5hHC.jpg"""
746,"""tt0478087""","""21""","""/efG8Po57alqSlhqHU1lXJ3duG6t.jpg"""
747,"""tt1464540""","""I Am Number Four""","""/973sCL0OjAk2Igq46SDwhyDFv3n.jpg"""
748,"""tt0385004""","""House of Flying Daggers""","""/lMwVwfPTVbpMScANktbD7NmMFCi.jpg"""
749,"""tt0480242""","""Dan in Real Life""","""/wJkkkG4ditqNzlua0oJzoaICGiz.jpg"""
750,"""tt0450314""","""Punisher: War Zone""","""/oOvKJgYUIpfswGHAdW6159bPbvM.jpg"""
751,"""tt0296572""","""The Chronicles of Riddick""","""/iSaB7jBgsU6sXqKneZpdeRw5MSV.jpg"""
752,"""tt0145487""","""Spider-Man""","""/gh4cZbhZxyTbgxQPxD0dOudNPTn.jpg"""
753,"""tt0356721""","""I \u2665 Huckabees""","""/h27ytqXyOrAB6KmRx2abOp8p2W.jpg"""
754,"""tt0113189""","""GoldenEye""","""/z0ljRnNxIO7CRBhLEO0DvLgAFPR.jpg"""
755,"""tt0372532""","""The Wedding Date""","""/t0AEzycJ6V8dLVlSudCUAA9mzgn.jpg"""
756,"""tt0369441""","""Fun with Dick and Jane""","""/1NBVGBi8Z6MhJBAJ5SuRMqP7o3T.jpg"""
757,"""tt0427392""","""The Invasion""","""/69yA6E7JOKJSfK8JMAOsieCDB8A.jpg"""
758,"""tt0251736""","""House of 1000 Corpses""","""/afISpRBO81uaLy5hrMHqyof6C1J.jpg"""
759,"""tt0093300""","""Jaws: The Revenge""","""/kGiaOztahZV2x7bil7sbk7fb6ob.jpg"""
760,"""tt0377092""","""Mean Girls""","""/alKvY5LuVcXraRBfi5UtVV8Ii6Y.jpg"""
761,"""tt0088993""","""Day of the Dead""","""/yJ2emwXWwQc6VHW3fO4GZr0hXBt.jpg"""
762,"""tt0071222""","""Black Christmas""","""/qqO98sdPgptFgCua3Z4uZDuPcmP.jpg"""
763,"""tt1013753""","""Milk""","""/ot4ImF4b7QbS6XsTdMH3pWxNmX2.jpg"""
764,"""tt0087985""","""Red Dawn""","""/a2GkHcioc2QEFJbQk1NTB85u3vD.jpg"""
765,"""tt0427229""","""Failure to Launch""","""/wQrNTe7VDytVDet9Jus6RDKEPYZ.jpg"""
766,"""tt0465551""","""Notes on a Scandal""","""/ymFybaA0r7MpwWnmUCFHYAT6Djb.jpg"""
767,"""tt0477051""","""Norbit""","""/adBqvVwyzHgDzZJnNCqe8RWImxV.jpg"""
768,"""tt0963194""","""Repo! The Genetic Opera""","""/o4a7JkeSF2yItXz9Dj1HWNsfyfh.jpg"""
769,"""tt1179891""","""My Bloody Valentine""","""/9biIVOMTdvv4aj4a5HClmrK5EHB.jpg"""
770,"""tt1320244""","""The Last Exorcism""","""/eOo9tgGjxdsQEgqc6g7E1NL8460.jpg"""
771,"""tt1386588""","""The Other Guys""","""/gEz6vvd9zX1sa4e76qNMxawncX0.jpg"""
772,"""tt0079945""","""Star Trek: The Motion Picture""","""/wfiAfNwH6CMKxz4vRaW8CPTabtk.jpg"""
773,"""tt0058150""","""Goldfinger""","""/6fTzum7gSpLWww26WvWjETNqfD9.jpg"""
774,"""tt1234548""","""The Men Who Stare at Goats""","""/5boJKypPQmgABssbKOk2RvsCnSv.jpg"""
775,"""tt1245526""","""RED""","""/8eeK3OB5PeSRQD7BpZcGZKkehG.jpg"""
776,"""tt0381681""","""Before Sunset""","""/gycdE1ARByGQcK4fYR2mgpU6OO.jpg"""
777,"""tt0110322""","""Legends of the Fall""","""/t1KPGlW0UGd0m515LPQmk2F4nu1.jpg"""
778,"""tt0097441""","""Glory""","""/tubPIJJah9iJ9eDHXxaxjLdOcQd.jpg"""
779,"""tt0926129""","""Prom Night""","""/pKSeyN02R5khphImEIpAdBjQgEP.jpg"""
780,"""tt0844708""","""The Last House on the Left""","""/2Y35XCUS8U8vC8vs0HDEVkPu1BM.jpg"""
781,"""tt1562871""","""Ra.One""","""/mXlS41qbd0bzhO44iPDtJqYtQt8.jpg"""
782,"""tt0375920""","""The Libertine""","""/3eiFFCwIXbWUEE4D31bDu5sz9sG.jpg"""
783,"""tt0412080""","""The World's Fastest Indian""","""/4dz05TygW3MaDPtSzJBM19Bugbf.jpg"""
784,"""tt0438097""","""Ice Age: The Meltdown""","""/vdluBXie4qDvh0dFX2Fpq8v16it.jpg"""
785,"""tt0838283""","""Step Brothers""","""/jV0eDViuTRf9cmj4H0JNvbvaNbR.jpg"""
786,"""tt1111422""","""The Taking of Pelham 1 2 3""","""/baRXNiLDOpz3rH3VyjhayhgkWll.jpg"""
787,"""tt1135503""","""Julie & Julia""","""/r1bFBBj3VMek0oEtgm9N51OqVjF.jpg"""
788,"""tt1188729""","""Pandorum""","""/w4YTrV9yGGwiPe0orF7TTUv4VzF.jpg"""
789,"""tt1041829""","""The Proposal""","""/aYlnDia7ldvqFUst1O5S8LZeM2S.jpg"""
790,"""tt0375210""","""White Noise""","""/8G5OKXjO5iQkuHAgysWRV1bUs1R.jpg"""
791,"""tt0092099""","""Top Gun""","""/fmXOY1bdRJ9CmzroeaTXRyr6qyz.jpg"""
792,"""tt0080678""","""The Elephant Man""","""/rk2lKgEtjF9HO9N2UFMRc2cMGdj.jpg"""
793,"""tt0436078""","""The Aristocrats""","""/Ag25aONVwWspQAuEPwNKmwUOvce.jpg"""
794,"""tt0426459""","""Feast""","""/61RknsRLF5YT1gIgSCVv4qbTt8C.jpg"""
795,"""tt0371606""","""Chicken Little""","""/1wg65q3daTE8rGfaUhBxLdXk6NL.jpg"""
796,"""tt0449089""","""RV""","""/eqV0JjfwcEJuK3JPZ2rsNvS1p30.jpg"""
797,"""tt1020530""","""Eden Lake""","""/lotoZbXMJxyoxx4AS48bNMp5BjS.jpg"""
798,"""tt0879870""","""Eat Pray Love""","""/9Hgiv1UEIjc8VwtOmFBCFzMs0er.jpg"""
799,"""tt0371246""","""Spanglish""","""/1qwj0wKFsDoC3w2i2kDhXY330TU.jpg"""
800,"""tt0099871""","""Jacob's Ladder""","""/4GY4FsM0ZOtbSTeMpY0g4WkEuBW.jpg"""
801,"""tt0084726""","""Star Trek II: The Wrath of Khan""","""/uPyLsKl8Z0LOoxeaFXsY5MxhR5s.jpg"""
802,"""tt0327084""","""Over the Hedge""","""/6qKM3Rl1tQgOFO1fMA7DAizWZ5n.jpg"""
803,"""tt0433362""","""Daybreakers""","""/xFZH2l9UOyIclk2ZFWNHQ38B2RP.jpg"""
804,"""tt0259711""","""Vanilla Sky""","""/cAh2pCiNPftsY3aSqJuIOde7uWr.jpg"""
805,"""tt0489018""","""Day of the Dead""","""/cbXPsWuQykgaRy9lsIfxRszRUXg.jpg"""
806,"""tt1132620""","""The Girl with the Dragon Tattoo""","""/r2pFUXKK20KD9RE3yybpQsNynRE.jpg"""
807,"""tt1229827""","""Jonas Brothers: The Concert Experience""","""/y0ZGLmzfeNl9aU7DLPG34VKg1vc.jpg"""
808,"""tt1375670""","""Grown Ups""","""/cQGM5k1NtU85n4TUlrOrwijSCcm.jpg"""
809,"""tt1477076""","""Saw 3D""","""/vC9T3hjrV9jEBIQ5Ce9eZzN1xxJ.jpg"""
810,"""tt0905372""","""The Thing""","""/dmn2nVo8h7LMnk694JxCRIwK06p.jpg"""
811,"""tt0983193""","""The Adventures of Tintin""","""/mKYkNro2btaWMsnYSuyqrBdHQo3.jpg"""
812,"""tt0411061""","""88 Minutes""","""/8rMiBz8kLMNmQyMbQXL9MPIlyw.jpg"""
813,"""tt0805564""","""Lars and the Real Girl""","""/nkAt4a7KIPc7Fi1BhxNHhYYbe2b.jpg"""
814,"""tt0929632""","""Precious""","""/cY23k6VQsHVfTQIHf7e887iAfq4.jpg"""
815,"""tt0356618""","""The Forgotten""","""/4pcHrFZG3kAoRc8RB8H2BSG80bs.jpg"""
816,"""tt0348333""","""Waiting...""","""/h3NJDiaaliUH35ApXPu8PFKZwWz.jpg"""
817,"""tt0386140""","""The Legend of Zorro""","""/duZDsuIA2uX93Vujtm89oHeTFqE.jpg"""
818,"""tt0443536""","""Hoodwinked!""","""/tjuMvHg7NJmE9hqKD3p86kW2Jvk.jpg"""
819,"""tt0460791""","""The Fall""","""/jUx4P4Q1VsQ07rLz7sOlSyNm4F3.jpg"""
820,"""tt1132130""","""2012 Doomsday""","""/rNHdpeyBUki4n5tzEdEri5elJBq.jpg"""
821,"""tt1034331""","""Righteous Kill""","""/riskU1joB032Dm1tPLPpDKzAbwi.jpg"""
822,"""tt1568346""","""The Girl with the Dragon Tattoo""","""/zqDopwg7XQ4IfFX2dRlQCT1SwMG.jpg"""
823,"""tt0082198""","""Conan the Barbarian""","""/6alx92dvVa6RSu2JrKgbvdDvDit.jpg"""
824,"""tt0324216""","""The Texas Chainsaw Massacre""","""/qJ9Cw1J4EmhBApoue4qlhqVrCZ7.jpg"""
825,"""tt0454824""","""Flyboys""","""/xezeqrrno6ytLyLrbTXRGUk4rdu.jpg"""
826,"""tt0413099""","""Evan Almighty""","""/5vjH8oQFZXJ0gTOPsJKWidVsWmg.jpg"""
827,"""tt0276919""","""Dogville""","""/lraVawavIXh5geMlVjpzCw9TGwR.jpg"""
828,"""tt0063442""","""Planet of the Apes""","""/2r9iKnlSYEk4daQadsXfcjHfIjQ.jpg"""
829,"""tt0072684""","""Barry Lyndon""","""/3YJEv83HWWgCKezTiQ9LhdR7cFU.jpg"""
830,"""tt0112471""","""Before Sunrise""","""/aZ2Vkrc4RqIjewYbmfy74oDgZfX.jpg"""
831,"""tt0057129""","""The Haunting""","""/fmpTnUKTcrpuxLSY23gQMUf9qu7.jpg"""
832,"""tt1323045""","""Frozen""","""/6SjRpaJg43iJnY0jlJ6c61tAKOo.jpg"""
833,"""tt1231583""","""Due Date""","""/4dzo4uWmkgp20uwm0jpiduRtvju.jpg"""
834,"""tt0409847""","""Cowboys & Aliens""","""/9uZsGCP4rvOHVGCpMpYq5gNCuNI.jpg"""
835,"""tt0970179""","""Hugo""","""/cFFkim9vRl250n50brtqfSvVF9k.jpg"""
836,"""tt0082348""","""Excalibur""","""/cTWF6zkr5mUOnheowKODIijWYcN.jpg"""
837,"""tt0113540""","""Kids""","""/8qV8hUVCUnFIQKewzlhaFWhdszK.jpg"""
838,"""tt0097351""","""Field of Dreams""","""/8PT4sAcneQ7MtZ1Mqoe2EyOJHmZ.jpg"""
839,"""tt0811138""","""The Love Guru""","""/sp8AV64ftAZCT9uWfgbCb3olGDW.jpg"""
840,"""tt0842926""","""The Kids Are All Right""","""/xQ5XqZc82dDCcGjxY7voRKjhaKQ.jpg"""
841,"""tt0175880""","""Magnolia""","""/uq2u8HgtLFJkjNq2kHb2jvipIPT.jpg"""
842,"""tt0114709""","""Toy Story""","""/uXDfjJbdP4ijW5hWSBrPrlKpxab.jpg"""
843,"""tt0100802""","""Total Recall""","""/wVbeL6fkbTKSmNfalj4VoAUUqJv.jpg"""
844,"""tt0445934""","""Blades of Glory""","""/yclY3zyzrL1MS9b6Eygs9ks0ZTY.jpg"""
845,"""tt1219289""","""Limitless""","""/hv5JMCrMVLvV6HKPf9FcBuyk2MG.jpg"""
846,"""tt0120804""","""Resident Evil""","""/1UKNef590A0ZaMnxsscIcWuK1Em.jpg"""
847,"""tt0365485""","""The Matador""","""/oJnlAGmrhsg4QrlVKGgP91J6WPu.jpg"""
848,"""tt0083944""","""First Blood""","""/a9sa6ERZCpplbPEO7OMWE763CLD.jpg"""
849,"""tt0077713""","""Day of the Woman""","""/nMCkOo26GtISoxJmpkTAJyMqBO8.jpg"""
850,"""tt0483726""","""Man of the Year""","""/s1etp9ZqcRqZVfonrdFJbQ6mgk9.jpg"""
851,"""tt0880578""","""Untraceable""","""/ySUwDRDEn01lKIMPQorpFCMLWqE.jpg"""
852,"""tt0480239""","""Atlas Shrugged: Part I""","""/tYfZIQb6ZabSUy1s1TRqSrYaAoM.jpg"""
853,"""tt0327056""","""Mystic River""","""/e2VNohx5jb7I6HUamCuGhKvzXDR.jpg"""
854,"""tt0091203""","""Highlander""","""/8Z8dptJEypuLoOQro1WugD855YE.jpg"""
855,"""tt0064276""","""Easy Rider""","""/mmGEB6ly9OG8SYVfvAoa6QqHNvN.jpg"""
856,"""tt0111257""","""Speed""","""/xKxYPmN4ZVHbNbmgm1ya2ivBn2P.jpg"""
857,"""tt0415978""","""Me and You and Everyone We Know""","""/kwicttBc8GtD3qZbl44zCP70R2U.jpg"""
858,"""tt0390384""","""Primer""","""/tzXvegY1zE8oNgxOPNPV0f0dnDf.jpg"""
859,"""tt0897361""","""I Know Who Killed Me""","""/7hz8jYHGNsNsnF0FPngxQEEVyR6.jpg"""
860,"""tt0758774""","""Body of Lies""","""/sLjVDPPfNQfAma9XyOqHPClQb2V.jpg"""
861,"""tt0986263""","""Surrogates""","""/v3Z0Hbl0oe57njrrIPh0fJPFoo.jpg"""
862,"""tt0080057""","""Zombie Flesh Eaters""","""/giJlnw8ItTJb7IL053Z47B6S1xf.jpg"""
863,"""tt0013442""","""Nosferatu""","""/zx24O7VAs6NbJhiIrUhWysAiHS0.jpg"""
864,"""tt0110729""","""Once Were Warriors""","""/1nd4SsytVc96hy92g8NNVPD3mzf.jpg"""
865,"""tt0054698""","""Breakfast at Tiffany's""","""/79xm4gXw4l7A5D0XukUOJRocFYQ.jpg"""
866,"""tt0467200""","""The Other Boleyn Girl""","""/9zD3hXV24zJzYvSuakXZU8yMEY4.jpg"""
867,"""tt1057500""","""Invictus""","""/cNUoXM8dtg5mRt90GLrAHBP9IGE.jpg"""
868,"""tt0073650""","""Sal\u00f2, or the 120 Days of Sodom""","""/xnaDdiRfZlJaTf6JRc4in40eaeI.jpg"""
869,"""tt0102057""","""Hook""","""/a6rB1lGXoGms7gWxRfJneQmAjNV.jpg"""
870,"""tt0093748""","""Planes, Trains and Automobiles""","""/3RSucVsX96Ste8WDJfZP1hbNGqQ.jpg"""
871,"""tt0799934""","""Be Kind Rewind""","""/6vSig2xxiD5OUnSdn8bsc5ldNJb.jpg"""
872,"""tt1007028""","""Zack and Miri Make a Porno""","""/40qxr2p2s297Q1mWFJOsRatQPK0.jpg"""
873,"""tt0104257""","""A Few Good Men""","""/rLOk4z9zL1tTukIYV56P94aZXKk.jpg"""
874,"""tt0088258""","""This Is Spinal Tap""","""/z2LA8eBTSuuPC4NBhIZRNIwpimH.jpg"""
875,"""tt0369735""","""Monster-in-Law""","""/lOnvMSAojdtKeVv8a8ilywXp6dF.jpg"""
876,"""tt1185834""","""Star Wars: The Clone Wars""","""/d6YOfi0T9GowglzIkDQGGvGYVTM.jpg"""
877,"""tt1092026""","""Paul""","""/bX8TP2qRWh2OcmeUHGn1ENDkCu6.jpg"""
878,"""tt1401152""","""Unknown""","""/aXBQD515okXQZmYA89ntXMvSJSd.jpg"""
879,"""tt0120382""","""The Truman Show""","""/vuza0WqY239yBXOadKlGwJsZJFE.jpg"""
880,"""tt0075860""","""Close Encounters of the Third Kind""","""/4zfedS25uMAhgm6YQhc9bhKHbLl.jpg"""
881,"""tt0115798""","""The Cable Guy""","""/iLmtIWy64uIkxLyi0A0vyzFfn5f.jpg"""
882,"""tt1226273""","""Edge of Darkness""","""/pvHjp1vEFmp5FquSCPQ2O95tIZJ.jpg"""
883,"""tt0112817""","""Dead Man""","""/jX3wGBVoYoAY3IixBpwYk1fjT4z.jpg"""
884,"""tt0167404""","""The Sixth Sense""","""/4AfSDjjCy6T5LA1TMz0Lh2HlpRh.jpg"""
885,"""tt0101414""","""Beauty and the Beast""","""/6DDJ8o2d6T4fpGWECLF4xBGTyAM.jpg"""
886,"""tt0093437""","""The Lost Boys""","""/nH1lvyQvfbL5GKScTtT6zkIvDEn.jpg"""
887,"""tt0074958""","""Network""","""/qZomlHsaALUtkFeMDwdYmwS2Pbo.jpg"""
888,"""tt0366627""","""The Jacket""","""/bt89UfRhjAvJDAO9CWJnRFXAN3p.jpg"""
889,"""tt0082418""","""Friday the 13th Part 2""","""/g9DxcfwaiSaO8YwBAI1uQVAMRpd.jpg"""
890,"""tt0421238""","""The Proposition""","""/e4j7s9SzaJTfjkorMX1iY38IzZi.jpg"""
891,"""tt0368794""","""I'm Not There""","""/bucgvB7gQqcl1m71efHkenfIMTj.jpg"""
892,"""tt1197628""","""Observe and Report""","""/z2wcS9UbUfJIn6xAzs1ZdGCGCnQ.jpg"""
893,"""tt0212720""","""A.I. Artificial Intelligence""","""/8MZSGX5JORoO72EfuAEcejH5yHn.jpg"""
894,"""tt0088930""","""Clue""","""/aRxbYOYHS8T73nzR8hsLousoplR.jpg"""
895,"""tt0090728""","""Big Trouble in Little China""","""/gI2Qs1yTTj3NcESJyttCkbmJ4k9.jpg"""
896,"""tt0405336""","""Southland Tales""","""/7dbIDQ80z4bxiDlAvxRwc5TI44C.jpg"""
897,"""tt0327597""","""Coraline""","""/gPMh5rsVrDDAYMDbTcz6Up1DQ4z.jpg"""
898,"""tt1067106""","""A Christmas Carol""","""/t41VHjYItCYHBh2hijsTID44cNv.jpg"""
899,"""tt0947810""","""Green Zone""","""/czFIaeukSxNEccysQeys1PCkuOG.jpg"""
900,"""tt0055928""","""Dr. No""","""/f9HsemSsBEHN5eoMble1bj6fDxs.jpg"""
901,"""tt0021884""","""Frankenstein""","""/gKaSFyd6HMTkXqU3UVVNWhVUiiO.jpg"""
902,"""tt0217505""","""Gangs of New York""","""/lemqKtcCuAano5aqrzxYiKC8kkn.jpg"""
903,"""tt0361411""","""Bride & Prejudice""","""/nzFzSV7ctoGjUajiRs4JXugHCnw.jpg"""
904,"""tt0266308""","""Battle Royale""","""/gFX7NuBUeKysOB9nEzRqVpHNT32.jpg"""
905,"""tt0097216""","""Do the Right Thing""","""/63rmSDPahrH7C1gEFYzRuIBAN9W.jpg"""
906,"""tt0095953""","""Rain Man""","""/iTNHwO896WKkaoPtpMMS74d8VNi.jpg"""
907,"""tt0092106""","""The Transformers: The Movie""","""/j4HTorvJdGOuIgGyE56fMCLmcCg.jpg"""
908,"""tt0072431""","""Young Frankenstein""","""/c6335WJCZO8NK5wehHk5sA9Cypv.jpg"""
909,"""tt0403508""","""The Sisterhood of the Traveling Pants""","""/wNshlUT6IZEz2AF3iZrlb2mX0pR.jpg"""
910,"""tt0453451""","""Mr. Bean's Holiday""","""/zbAlwsJNxfo4VfTy9peDo7itJ0I.jpg"""
911,"""tt0427152""","""Dinner for Schmucks""","""/djwkUFhkM81gIsI9ZZ7I6ajZAKY.jpg"""
912,"""tt0057193""","""It's a Mad, Mad, Mad, Mad World""","""/5S8VWhy4aE47MOTYqrFitTS5Jpw.jpg"""
913,"""tt0053291""","""Some Like It Hot""","""/hVIKyTK13AvOGv7ICmJjK44DTzp.jpg"""
914,"""tt0057115""","""The Great Escape""","""/gBH4H8UMFxl139HaLz6lRuvsel8.jpg"""
915,"""tt0384286""","""Cry_Wolf""","""/7OQ2McKYgnyfIHHkm0jBxQnu7ou.jpg"""
916,"""tt0389557""","""Black Book""","""/2nvdrMZ9TvTYglDsISZU38ycbn4.jpg"""
917,"""tt0490204""","""Reign Over Me""","""/b5EtDvwj2gdG1qMBLijamlLfJLB.jpg"""
918,"""tt0431308""","""P.S. I Love You""","""/bZlRZKBOR6cC8L35BgGoh4hJ63F.jpg"""
919,"""tt1605783""","""Midnight in Paris""","""/4wBG5kbfagTQclETblPRRGihk0I.jpg"""
920,"""tt0050825""","""Paths of Glory""","""/l2IY0gOHHmCWM90LjteFssxIV1G.jpg"""
921,"""tt0112864""","""Die Hard: With a Vengeance""","""/lwTE6cUhGxRaJvQ5VPdletIGDPh.jpg"""
922,"""tt0111503""","""True Lies""","""/pweFTnzzTfGK68woSVkiTgjLzWm.jpg"""
923,"""tt0427954""","""The Protector""","""/uKE9BxgtT5g2pE3ZKC7MnzsAbTZ.jpg"""
924,"""tt0385880""","""Monster House""","""/zCRPr4bkO3ae0U1134vJ39xZnAG.jpg"""
925,"""tt1077258""","""Planet Terror""","""/30ANoUgvqQZ9tgCnM6OyJZUveaf.jpg"""
926,"""tt0472033""","""9""","""/3uqXGOH4BQ2CLJWkDJZ0PzbUzOn.jpg"""
927,"""tt0242653""","""The Matrix Revolutions""","""/ynMQ4nVwkoP2gLxXXDgcdltihTD.jpg"""
928,"""tt0258463""","""The Bourne Identity""","""/vN6jGCuzefysLVFrzK3Vs6xAdu1.jpg"""
929,"""tt0064665""","""Midnight Cowboy""","""/f7YLzOxwWzeEdo7RhAlPSBTYa8.jpg"""
930,"""tt0407265""","""Transamerica""","""/s1ctu6p0nYJ29OqOEIGrIMRYQIu.jpg"""
931,"""tt0870111""","""Frost/Nixon""","""/z4cQ2mJxwPZUwVh97yX9oNsLLZQ.jpg"""
932,"""tt1139668""","""The Unborn""","""/6SUuLwyk9wFKZDYsgdSahYs7HEf.jpg"""
933,"""tt0057076""","""From Russia with Love""","""/2jUOA4mUm2W7jP61DFeZ77kH0sA.jpg"""
934,"""tt0077631""","""Grease""","""/czVhhAaSBFpakur7U8pOIDV9NUG.jpg"""
935,"""tt0117060""","""Mission: Impossible""","""/l5uxY5m5OInWpcExIpKG6AR3rgL.jpg"""
936,"""tt0118799""","""Life Is Beautiful""","""/mfnkSeeVOBVheuyn2lo4tfmOPQb.jpg"""
937,"""tt0465142""","""American Dreamz""","""/loww8fONhdlZQmvMhZFirrg2c1d.jpg"""
938,"""tt0105323""","""Scent of a Woman""","""/kyoMFQUI0UTctjK9boW4THhT2dB.jpg"""
939,"""tt0325710""","""The Last Samurai""","""/lsasOSgYI85EHygtT5SvcxtZVYT.jpg"""
940,"""tt0056218""","""The Manchurian Candidate""","""/2xQ856kd9hw6bB3OnusGyTvvkwB.jpg"""
941,"""tt0042192""","""All About Eve""","""/6numIZH6uR3NlJgY9m7nGH0jhs.jpg"""
942,"""tt1477715""","""This Is It""","""/rnZ5uZHjdC5qGCgEaH6YSbWftnI.jpg"""
943,"""tt1399683""","""Winter's Bone""","""/a0qhPkNlxLfsf5B2jFyI1Pp04XV.jpg"""
944,"""tt0068473""","""Deliverance""","""/2TrAzNJlHyNYYSkQf6asg3rs2Xr.jpg"""
945,"""tt0100157""","""Misery""","""/klPO5oh1LOxiPpdDXZo1ADgpKcw.jpg"""
946,"""tt0422401""","""Hatchet""","""/xRWRUZchxjttsNkGVZD2zGpihbJ.jpg"""
947,"""tt0454970""","""Turistas""","""/ghf1DibQCqS0FKtUV69WfPfPDBs.jpg"""
948,"""tt0762107""","""I Now Pronounce You Chuck & Larry""","""/6wjJ9EnNw4cmTSZYgnao7RpI3X.jpg"""
949,"""tt1034032""","""Gamer""","""/rfQtqLHeisaQ4HlYtNremtUl9oP.jpg"""
950,"""tt1027718""","""Wall Street: Money Never Sleeps""","""/i9DFTWbD6mpM6UT3HlzZwlA92l4.jpg"""
951,"""tt1486185""","""Red Riding Hood""","""/ixQYkLeLlTTnAoT32dukndyObB6.jpg"""
952,"""tt1527186""","""Melancholia""","""/kd0PqvTsJd6DOY7Jxu0R4vEfpsj.jpg"""
953,"""tt0064115""","""Butch Cassidy and the Sundance Kid""","""/gFmmykF1Ym3OGzENo50nZQaD1dx.jpg"""
954,"""tt0365885""","""The Upside of Anger""","""/UdLPKVq6Cfw7ig1ancmDkclfZg.jpg"""
955,"""tt0441909""","""Volver""","""/pT2GicqmTwsdXTGD7stYrrqWt47.jpg"""
956,"""tt0457513""","""Scoop""","""/aHvZYoQNRTMrfs46pj64b9GrbaK.jpg"""
957,"""tt0080455""","""The Blues Brothers""","""/3DiSrcYELCLkwnjl9EZp2pkKGep.jpg"""
958,"""tt0324554""","""Wicker Park""","""/gRKEluSpV1wBrZVTvLLaCSkzqcf.jpg"""
959,"""tt0055614""","""West Side Story""","""/nzCMu6D5q60i2bVrIQ0DxlRSgCZ.jpg"""
960,"""tt0082010""","""An American Werewolf in London""","""/hVEqUASJmCQaolkKFEySCHZ8uKG.jpg"""
961,"""tt0035423""","""Kate & Leopold""","""/mUvikzKJJSg9khrVdxK8kg3TMHA.jpg"""
962,"""tt0405325""","""Sky High""","""/oK54M9VKOCLR1u0j26ttRix0G18.jpg"""
963,"""tt0473444""","""Curse of the Golden Flower""","""/mFX06gnTVcX4bmlOCEpMMtCdFjr.jpg"""
964,"""tt0450188""","""La Vie en Rose""","""/pmKVYXBb57iQ9cKXuYF1GCWxBip.jpg"""
965,"""tt0167261""","""The Lord of the Rings: The Two Towers""","""/5VTN0pR8gcqV3EPUHHfMGnJYN9L.jpg"""
966,"""tt0117666""","""Sling Blade""","""/y7kYNk6gJMkPx1YfXhXw6fMTstf.jpg"""
967,"""tt0790686""","""Mirrors""","""/bt5a4ThyLpLTsia2e2ZTLzQjXO0.jpg"""
968,"""tt0086066""","""The Outsiders""","""/fWoauna09D6J1HsFwSlj32L2pOd.jpg"""
969,"""tt0100150""","""Miller's Crossing""","""/i83gYdglRCjCRLSsmCk5nRWRmDM.jpg"""
970,"""tt0093177""","""Hellraiser""","""/nnYHvA2tSVdtr8KxIy8F6YndCOy.jpg"""
971,"""tt0080749""","""The Fog""","""/gZmdq8HB8SBdOHk5XarjCZIiGGk.jpg"""
972,"""tt0370986""","""Mysterious Skin""","""/cpn8XZQsV74djMC1FNABB2QYdUY.jpg"""
